timestamp,open,high,low,close,volume
1778896800,79113.37,79160.86,79019.24,79094.1,104.96132762
1778900400,79094.1,79146.54,79007.04,79016.7,245.82013486
1778904000,79016.69,79088.09,78812.01,78996.95,80.10715104
1778907600,78996.95,79002.61,78892.74,78998,73.18520214
1778911200,78998,79017.76,78421.92,78594.73,217.99603386
1778914800,78600.63,78621.57,78016.61,78335,265.63122539
1778918400,78335,78493.24,78292.81,78374.87,83.74932416
1778922000,78374.87,78398.99,77853.06,78042.8,210.2727281
1778925600,78042.8,78064.14,77608.95,77931.49,206.58522302
1778929200,77931.76,78161.37,77931.76,78047.68,65.20752638
1778932800,78047.68,78099.01,77880.01,77973.22,174.8484841
1778936400,77973.22,77981.89,77798,77981.88,113.59219594
1778940000,77981.89,78319.08,77854.91,78091.58,115.98805697
1778943600,78091.58,78250,78040,78201.44,89.02101114
1778947200,78203.38,78328.88,78088.33,78177.84,127.84276516
1778950800,78177.84,78293.53,78165.38,78168.25,98.45342131
1778954400,78168.26,78300,78113.16,78196.94,90.72798934
1778958000,78196.95,78277.24,78168.07,78234.4,63.93442251
1778961600,78234.41,78290,78162.85,78208.04,72.08199625
1778965200,78208.03,78277.51,78166.64,78226.41,108.87811042
1778968800,78226.41,78254.96,78125.11,78148.22,55.80954636
1778972400,78148.23,78233.62,78085.49,78105.45,80.57446214
1778976000,78105.46,78207.07,77775,77918.95,106.37495615
1778979600,77918.96,78085.48,77681.95,77700.69,130.45687835
1778983200,77696.92,77909.49,77693.24,77866.78,111.240011
1778986800,77866.78,78057.72,77854.91,77993.24,66.94861991
1778990400,77993.24,78172.51,77969.26,78124,62.74338911
1778994000,78123.99,78289,78074.1,78098.48,44.77641828
1778997600,78098.48,78183.69,77977.27,78077.58,47.411926
1779001200,78077.58,78179.43,78026.16,78152.1,21.84099419
1779004800,78151.91,78169.67,78000.09,78058.19,30.18794619
1779008400,78058.18,78267.01,78031.9,78217.31,80.13823999
1779012000,78217.31,78570,78214.03,78431.36,96.19608914
1779015600,78431.35,78439.68,78260.56,78382,35.77343957
1779019200,78382,78513.95,78298.99,78332.38,76.66475433
1779022800,78332.38,78333.99,78141,78175.09,40.87775636
1779026400,78175.09,78188.96,77807.64,78014.74,79.78855817
1779030000,78014.75,78092.17,77884.81,78012.9,80.16977052
1779033600,78012.91,78163.44,77983.89,78001.56,62.20058634
1779037200,78001.99,78066.99,77816.48,78056.21,125.28199082
1779040800,78056.21,78240,77964.74,78226.4,63.88843974
1779044400,78229.15,78429.58,78166.63,78368.73,116.45546692
1779048000,78368.73,78402.69,78203.05,78218.55,97.44770146
1779051600,78225.99,78455,78196.52,78356.63,183.79841369
1779055200,78356.06,78370.83,77777.68,77953.12,220.01335564
1779058800,77953.13,77959.13,76673.54,77407.59,519.96303246
1779062400,77406.57,77431,76855.74,77166.14,258.69803749
1779066000,77166.14,77239.32,76698,77068.04,287.71165664
1779069600,77068.04,77176,76658.23,76787.41,173.71884331
1779073200,76787.41,76972.58,76757.01,76877.97,119.20468145
1779076800,76877.97,77022.01,76723.57,76988.11,86.63815131
1779080400,76988.11,77034.01,76837.62,76878.39,99.03680117
1779084000,76878.38,76920.72,76537.76,76867.02,190.7511011
1779087600,76868.41,77038.22,76714.82,77021.47,128.69467963
1779091200,77021.48,77133.15,76821.52,76972.08,182.08873081
1779094800,76972.08,76994.29,76818.03,76884.85,137.63760623
1779098400,76884.86,76909.64,76658.05,76722.33,162.52314709
1779102000,76722.34,77356.43,76607.43,77238.51,187.05615871
1779105600,77238.52,77764.28,77222.75,77610.72,385.41437388
1779109200,77610.71,77611.47,76621.64,76896.77,750.73797976
1779112800,76896,76918.63,76172.54,76343.9,1500.31816696
1779116400,76343.9,76425.95,75992,76348.01,1303.26214962
1779120000,76348.01,76590,76144.35,76348.72,906.7254795
1779123600,76348.72,76700,76301.16,76639.59,314.83240195
1779127200,76636.94,76648.72,76074.71,76179.23,381.53847263
1779130800,76179.23,76934.01,76160.2,76859.05,526.78698035
1779134400,76861.52,77121.69,76810.3,76849.26,242.12991068
1779138000,76849.26,77132.33,76733.68,77043.31,187.96293885
1779141600,77043.32,77285,76874.55,77021.39,217.06578407
1779145200,77022.64,77110.2,76880.01,76943.98,94.84278674
1779148800,76943.96,77350.08,76893.03,77079.52,136.72072009
1779152400,77079.53,77101.86,76600.28,76601.89,166.1742058
1779156000,76601.9,76936,76421.09,76550.26,163.75983422
1779159600,76550.26,76807.72,76519.55,76721.99,109.82155594
1779163200,76721.99,76881.08,76633,76855.29,80.92704871
1779166800,76855.3,76944.25,76573.91,76841.83,88.93974287
1779170400,76842.8,77046.69,76820,76965.74,83.81168782
1779174000,76965.74,77221.91,76908.8,77168.92,78.02605788
1779177600,77169.94,77250.89,76902.64,76982.08,71.02161529
1779181200,76982.07,77010,76634.7,76746.86,101.5719474
1779184800,76746.85,77024.67,76625,76969.47,125.99221465
1779188400,76969.48,77011.44,76566.36,76641.3,139.70922597
1779192000,76641.3,76914.47,76573.07,76865.77,132.69139014
1779195600,76865.78,76991.27,76506.09,76806.71,577.11262936
1779199200,76806.71,76945.17,76061.12,76315.97,725.11656028
1779202800,76315.97,76612.73,76254.11,76444.52,433.38139559
1779206400,76444.59,76856.07,76315.5,76819.09,315.48994529
1779210000,76821.15,76953.15,76679.25,76778.22,271.41956951
1779213600,76778.23,76881.94,76660.63,76728.3,203.54831477
1779217200,76728.29,77002.56,76681.76,76758.13,349.52393869
1779220800,76756.67,76982.94,76746.23,76953.35,133.43646657
1779224400,76953.35,76978.97,76889.09,76911.38,87.22532712
1779228000,76910.02,76910.02,76570,76640.46,167.2803898
1779231600,76640.47,76918.04,76594,76767.48,131.71187208
1779235200,76767.48,76828,76433.52,76712.49,211.48078599
1779238800,76712.21,76851.55,76444.24,76735.32,201.45192463
1779242400,76735.32,76835,76517.75,76611.13,135.15639839
1779246000,76611.13,76744,76518.92,76637.61,138.02051401
1779249600,76637.62,76753.16,76596.31,76695.99,94.24507787
1779253200,76696,77251.75,76695.99,77121,339.82585315
1779256800,77121,77345.95,77116.25,77337.26,90.16989804
1779260400,77337.26,77401.24,77153.99,77195.48,150.55699702
1779264000,77195.49,77553.83,77121.45,77372.46,180.6354497
1779267600,77372.46,77466.2,77273.82,77399.04,91.06683593
1779271200,77399.04,77583.85,77399.04,77433.65,128.39653924
1779274800,77433.64,77488.84,77245.96,77291.88,113.75687397
1779278400,77297.44,77671,77281.38,77549.3,153.43161264
1779282000,77549.3,77578.99,76886.7,77125.55,698.16547725
1779285600,77125.56,77510.2,76794.91,77362.35,703.56882032
1779289200,77362.34,77782.61,77221.99,77376.67,550.43357006
1779292800,77377.03,77487.9,76924.87,77248.65,511.45414454
1779296400,77248.66,77650,77139.53,77493.77,303.08932859
1779300000,77493.77,77563.59,77310.02,77332.72,224.11055266
1779303600,77332.72,77643.89,77268.2,77598,332.78191179
1779307200,77597.5,77688.69,77398.82,77632.24,208.82297815
1779310800,77633.91,77690.19,77419.41,77422.67,168.70757966
1779314400,77394.01,77424.2,77142.29,77424.19,131.4506373
1779318000,77424.19,77481.53,77296,77475.99,155.31671173
1779321600,77475.98,78000,77437.01,77889.98,263.44062357
1779325200,77889.99,78100,77720.02,77788,176.23785024
1779328800,77792.87,78027,77740.85,77880.57,136.75641948
1779332400,77880.57,78031.92,77827.8,78001.65,110.74059966
1779336000,78001.65,78103.76,77882.93,77960.29,427.86135554
1779339600,77960.28,78078.43,77627.6,77749.27,167.92255261
1779343200,77749.27,77798.33,77448.57,77536.78,145.88724341
1779346800,77536.78,77825.7,77435.03,77807.67,120.80538839
1779350400,77807.68,78123.68,77807.68,77848.27,236.26700331
1779354000,77846.21,77906.12,77547.1,77549.97,90.17388112
1779357600,77549.97,77602.9,77082.66,77113.62,300.13182691
1779361200,77113.62,77299.21,77050.27,77111.09,182.23847769
1779364800,77111.1,77285.56,76985,77197.99,170.91181177
1779368400,77197.99,77278,76619.02,77035.84,602.426112
1779372000,77035.68,77165.23,76684.22,76892,354.7107206
1779375600,76891.99,77325,76800,77175.4,266.53286181
1779379200,77175.4,77270.66,76913.99,77110.26,195.26536667
1779382800,77110.26,78016.84,77093.28,77796.94,903.98090832
1779386400,77796.94,77857.51,77145.55,77309.31,410.44306365
1779390000,77309.3,77724.01,77283.08,77613.34,348.86208162
1779393600,77615.99,77736.54,77552.86,77634.95,133.78980853
1779397200,77633.76,77745,77565.43,77598.58,109.83692717
1779400800,77599.96,77677.9,77469.47,77550.18,87.24726969
1779404400,77550.18,77681.67,77450,77547.62,96.28022186
1779408000,77547.25,77570.77,77287.94,77304.21,126.47535605
1779411600,77304.21,77596.61,77233.35,77539.67,118.4979143
1779415200,77539.68,77659.34,77505.01,77598.4,178.13114165
1779418800,77598.4,77738.31,77598.39,77705.25,107.45930436
1779422400,77705.26,77833.02,77542.4,77577.83,133.75664791
1779426000,77577.83,77650.62,77361.11,77408.43,126.65484938
1779429600,77408.43,77444.36,77261.64,77340.2,141.45362799
1779433200,77340.21,77466.99,77186.42,77320.63,110.89909076
1779436800,77320.64,77462.48,77123.47,77177.86,157.14076635
1779440400,77177.85,77273.02,77108.79,77213.98,113.40246255
1779444000,77213.98,77279.2,77165.47,77224.67,109.78626082
1779447600,77224.67,77342.53,77081.94,77342.06,124.16456517
1779451200,77342.06,77493.92,77300.43,77446.33,126.51156601
1779454800,77447.03,77471.73,77026.58,77199.99,241.824049
1779458400,77199.99,77199.99,76642.79,76674.89,440.54300008
1779462000,76674.89,76936.01,76465.47,76695.53,347.73405521
1779465600,76695.53,76913.81,76669.29,76863,138.90599292
1779469200,76863.01,77006.99,76651.48,76655.06,170.47343245
1779472800,76655.07,76813.99,76000,76443.77,475.68000943
1779476400,76444.29,76496.02,75557.4,75769.44,619.97328425
1779480000,75769.45,75996,75717.16,75892.47,276.90790581
1779483600,75892.48,76000,75841.28,75880.3,156.93692524
1779487200,75880.29,75901.6,75450,75639.99,436.8423238
1779490800,75639.98,75783.38,75266.73,75443.91,152.25144297
1779494400,75446.99,75540.2,75120,75259.24,231.56154475
1779498000,75259.25,75414,75256.64,75402.12,191.96874782
1779501600,75402.11,75496.96,75316.72,75479.54,118.99688327
1779505200,75475.6,75574,75466.85,75545.71,89.5893398
1779508800,75545.71,75565.75,75417,75455.12,100.34461065
1779512400,75455.12,75468,75375,75398.54,138.03568919
1779516000,75398.53,75411.97,75293.16,75312.33,74.56546803
1779519600,75312.32,75348.12,74197.11,74516.73,477.10694464
1779523200,74516.72,74660.53,74253.95,74594.49,248.0535311
1779526800,74594.49,74674.35,74524.59,74575.97,137.43693763
1779530400,74575.98,74706.82,74575.98,74627.74,102.43654702
1779534000,74633.49,74789.55,74615.44,74710.31,88.46361271
1779537600,74710.31,74718.77,74567.49,74674.88,112.08251544
1779541200,74674.89,75169.57,74670.82,75128.07,292.84307702
1779544800,75128.12,75598.91,75015.24,75443.72,325.03433916
1779548400,75443.72,75594,75300.69,75432.03,227.23130799
1779552000,75432.23,75547.48,75305.07,75347.42,157.38999461
1779555600,75358.78,75436.61,75274.36,75399.73,135.34127215
1779559200,75399.73,75909.09,75374.23,75757.62,543.30834519
1779562800,75757.62,75914.62,75688.48,75887.59,269.76430032
1779566400,75887.6,77194.07,75849.86,77173.32,558.36304988
1779570000,77173.31,77305,76402.29,76707.99,548.14765538
1779573600,76707.99,76790.16,76291.17,76480,241.96514079
1779577200,76479.99,76721.35,76427.65,76650,209.02128936
1779580800,76648.65,76818,76532.22,76741.5,148.46595947
1779584400,76741.5,76833.35,76655.74,76790.99,143.60177045
1779588000,76791,76858.58,76600,76718.05,119.74521686
1779591600,76718.81,76909.8,76624.59,76638.49,118.93374725
1779595200,76641.95,76759.49,76628.72,76682.77,90.59625223
1779598800,76682.76,76771.5,76541.41,76714.49,66.14160349
1779602400,76714.49,76960.71,76614.38,76881.31,149.68952502
1779606000,76881.32,76925.78,76677.01,76710.29,120.38071736
1779609600,76710.3,76766.86,76619.5,76737.39,85.34044187
1779613200,76737.4,76947.7,76712.61,76931.99,119.10192058
1779616800,76931.99,77412.32,76820.17,77095.89,213.8804602
1779620400,77087.99,77256.34,77082.19,77219.29,119.52124272
1779624000,77219.28,77229.85,76935.95,77013.65,120.91513477
1779627600,77013.65,77026.47,76584.89,76721.22,179.00441227
1779631200,76721.22,76744.01,76100,76361.04,239.23634154
1779634800,76361.04,76444,76259.59,76278.72,106.33263535
1779638400,76278.72,76645.86,76278.72,76574.55,164.74977344
1779642000,76574.54,76696.36,76462.42,76591.26,161.23734385
1779645600,76591.25,76692.96,76492.32,76565.21,65.99985914
1779649200,76565.21,76690.28,76512.02,76677.77,74.7291083
1779652800,76677.77,76699,76500,76579.07,98.08498001
1779656400,76578.43,76650.51,76000,76045.5,291.50710312
1779660000,76045.5,76923.08,76033.73,76710,490.01681304
1779663600,76710,77132.46,76699.81,76975.99,207.85644309
1779667200,76975.99,77214.01,76975.99,77060.3,123.02435412
1779670800,77060.3,77159.53,76807.04,76850.99,172.03981323
1779674400,76850.98,77397.52,76850.98,77012.29,238.31229566
1779678000,77012.28,77075,76889.4,76933.1,87.73512224
1779681600,76933.1,77356.43,76899.39,77297.53,103.15247505
1779685200,77297.54,77406,77220.88,77316.27,105.7322492
1779688800,77316.27,77551.87,77129.75,77330.98,142.50058551
1779692400,77330.99,77431.49,77082.42,77315.8,84.40611143
1779696000,77315.8,77380.18,77184.54,77366.79,83.76450057
1779699600,77366.78,77617.56,77327.52,77517.01,132.43777846
1779703200,77517.01,77606.62,77407.01,77460.05,80.65414671
1779706800,77460.05,77460.05,77254.47,77284.13,75.8037205
1779710400,77284.13,77361.53,77204.36,77280.54,85.43174558
1779714000,77281.55,77377.5,77206.01,77257.53,166.63553372
1779717600,77257.53,77700,77218.38,77639.31,257.06546833
1779721200,77639.29,77834.55,77472.88,77549.95,272.5377513
1779724800,77549.96,77740.56,77436.02,77663.17,121.25404971
1779728400,77663.16,77740.38,77473.51,77490.01,153.44252108
1779732000,77490.01,77593.48,77465.79,77481.11,93.17603681
1779735600,77481.1,77485.72,77274.15,77369.05,185.37044758
1779739200,77369.05,77434.99,77134.78,77199.04,179.58638548
1779742800,77199.05,77323.99,77195.35,77297.26,108.23097628
1779746400,77297.26,77377.49,76965.02,77043.97,191.27124617
1779750000,77043.96,77300,76984.19,77249.07,91.81641247
1779753600,77249.07,77278,76485.01,76700.71,286.20614102
1779757200,76699.53,76803.14,76502.51,76667.46,186.385558
1779760800,76667.47,76730.98,76428,76586.05,199.75345321
1779764400,76586.06,76632.99,76385,76571.73,114.2108085
1779768000,76571.73,76734.4,76518,76660.84,177.65691959
1779771600,76660.84,76900,76618.26,76830,142.82535988
1779775200,76830,76969.55,76664.01,76817.55,124.92469385
1779778800,76817.55,76840.32,76512.45,76629.9,92.52281422
1779782400,76629.9,76766.96,76592,76637.97,58.22334858
1779786000,76637.96,76721.41,76556.83,76586.07,127.86873735
1779789600,76586.07,77543.46,76488.01,77343.72,328.28005143
1779793200,77343.81,77428.4,77077.79,77097.98,187.19288276
1779796800,77097.99,77155.5,76785.62,77047.92,344.56977574
1779800400,77047.92,77376.69,76578.34,77146.03,478.75778275
1779804000,77146.29,78015.46,76614.9,76804.55,1441.9066898
1779807600,76804.55,76913.99,76155,76397.69,1029.94652874
1779811200,76397.68,76604,76081.57,76450.03,650.98092281
1779814800,76450.03,76545.98,75728.94,75816.73,761.09466283
1779818400,75817.45,76151.04,75645.54,75709.43,778.31378851
1779822000,75709.44,75976,75667.2,75919.93,402.5505322
1779825600,75921,76071.68,75871.66,75999.18,191.61175169
1779829200,75999.18,76015.47,75742.01,75787.66,117.97553813
1779832800,75787.66,75901.86,75555,75631.15,273.93677801
1779836400,75631.14,75881.85,75631.14,75826.1,116.5493621
1779840000,75826.1,75984.15,75763.58,75970.77,121.66141967
1779843600,75971.02,75995.45,75710,75763.42,251.71589923
1779847200,75763.42,75788.11,75569.79,75751.67,197.01618629
1779850800,75751.67,75849.99,75479.04,75540.51,138.15042258
1779854400,75540.52,75589.47,75161.63,75445.73,205.69473317
1779858000,75445.73,75617.23,75445.73,75575.98,94.54344616
1779861600,75575.99,75781.5,75546.88,75713.98,76.50700733
1779865200,75713.98,75861.03,75631.98,75849.47,92.48730245
1779868800,75849.47,75955.41,75717.2,75758.75,67.7094451
1779872400,75758.75,75855.67,75583.55,75785.98,96.54071417
1779876000,75785.99,75919.99,75741.41,75773.89,99.09471227
1779879600,75773.89,75905.08,75616.96,75637.79,158.06454207
1779883200,75637.79,76033.66,75434.81,75553.33,260.99795194
1779886800,75553.32,75627.76,74705.76,74915.74,848.05899942
1779890400,74915.74,75100,74613.43,74885.94,683.08746865
1779894000,74885.94,75372,74828.89,75187.95,380.83359621
1779897600,75187.96,75263.57,74862.76,75163.73,355.72651712
1779901200,75166.66,75204.01,74535.04,74711.67,359.55664056
1779904800,74711.66,74889.6,74513.64,74884.01,281.64190943
1779908400,74884,74956.8,74799.74,74920.54,276.74248326
1779912000,74923.16,75279.92,74904,75141.03,248.65554768
1779915600,75141.03,75141.03,74215.58,74356.79,440.30640348
1779919200,74356.79,74650,74143.32,74307.82,384.392064
1779922800,74307.82,74451.74,74113.95,74315.98,266.01749761
1779926400,74316.71,74462.4,74236.77,74432.28,206.79554928
1779930000,74432.27,74459.17,74023.49,74215.36,230.39529549
1779933600,74215.38,74275,73997.24,74156.96,258.72783313
1779937200,74156.96,74250,72942.61,73130.01,799.5387663
1779940800,73130.01,73134.64,72618.58,73035.98,559.70710094
1779944400,73035.98,73043.65,72777.6,72857.98,251.52512284
1779948000,72856.56,73075.99,72631.45,73068.39,245.59184334
1779951600,73068.86,73368.77,73022.4,73356.11,164.15249614
1779955200,73356.12,73368.77,73074.18,73193.91,122.90052876
1779958800,73193.91,73435.7,73124.04,73412.25,131.2963073
1779962400,73412.26,73493.24,73221.97,73272.29,128.87393649
1779966000,73272.01,73405.89,73188,73375.62,193.21812726
1779969600,73375.62,73453.42,73123.15,73394.96,207.97151154
1779973200,73394.96,73446.16,72618.58,72880.04,810.91580826
1779976800,72880.04,73440.21,72445.11,72885.08,1266.56344934
1779980400,72885.08,73035.95,72548.07,72791.4,589.7622066
1779984000,72782.76,73319.98,72586.12,73319.56,551.83029428
1779987600,73319.57,73618.69,73185,73430.6,485.59983303
1779991200,73430.6,73639.25,73390.33,73536.01,305.24649079
1779994800,73536,73536,73266.01,73318.39,367.08284141
1779998400,73318.38,73619.75,73126.81,73477.34,231.02535509
1780002000,73477.33,73817.82,73450,73710.83,204.58459734
1780005600,73710.82,73842,73339.08,73361.7,165.55752391
1780009200,73361.7,73613.58,73361.7,73512.56,100.22332002
1780012800,73512.55,73756.32,73511.14,73621.99,192.26056264
1780016400,73621.99,73766.99,73353.74,73480.16,170.68724112
1780020000,73478.16,73537.17,73068.25,73116.68,193.57737119
1780023600,73116.69,73346.4,73116.69,73187.99,121.28585404
1780027200,73187.99,73402.45,73088.01,73386.77,217.14729075
1780030800,73386.76,73619.99,73383,73595.29,183.20262281
1780034400,73595.28,73836.83,73524.43,73685.96,138.66673537
1780038000,73679.48,73717.66,73269.08,73405.44,317.41784187
1780041600,73405.43,73725.96,73403.61,73548,226.53272946
1780045200,73548,73800.56,73536.42,73636,252.45463967
1780048800,73635.97,73638,73470.84,73522,192.87713401
1780052400,73522,73603.3,73225.01,73369.79,192.50846629
1780056000,73369.79,73369.79,73085.29,73179.33,302.72976018
1780059600,73179.34,73234.16,72782.97,73023.84,639.89473565
1780063200,73023.84,73083.47,72364.13,72964.15,889.8433571
1780066800,72964.15,74094.75,72870.15,73694.51,1068.80548989
1780070400,73694.51,74010.49,73435.24,73939.39,587.40493197
1780074000,73936.04,74224.84,73796.64,73864.41,735.29150405
1780077600,73866.93,73961.13,73065.93,73260.01,914.30506331
1780081200,73260,73627.79,73132,73404.1,507.51756103
1780084800,73404.1,73659.66,73392.21,73576.51,288.3097226
1780088400,73576.51,73744.16,73297.48,73307.21,286.60736415
1780092000,73307.21,73469.17,73265.5,73381.95,256.01637966
1780095600,73381.02,73415.65,73215,73366.77,181.82024815
1780099200,73366.77,73478.61,73303.35,73394.47,351.43109277
1780102800,73394.47,73568.96,73362,73559.38,175.54892441
1780106400,73559.38,73689,73508.67,73688.99,157.14061019
1780110000,73688.98,73702.26,73416.07,73426.56,164.90997766
1780113600,73426.56,73485.41,73107.24,73292.94,181.16954733
1780117200,73292.95,73537.77,73238,73504.38,206.2087074
1780120800,73504.38,73612.59,73419.52,73490.14,121.44284439
1780124400,73490.14,73500.73,73382,73450.02,112.42060613
1780128000,73450.01,73468,73392.04,73417.92,151.69324856
1780131600,73417.92,73516.34,73395.32,73514.25,97.42711429
1780135200,73514.01,73583.99,73488.25,73549.56,240.36389464
1780138800,73549.55,73551.35,73454.27,73495.4,162.88096492
1780142400,73495.4,73611.45,73480,73588.13,175.68714352
1780146000,73588.13,73735.16,73562.42,73716,155.34275499
1780149600,73716.83,73989.05,73706.82,73822.02,215.97162486
1780153200,73822.02,73930,73717.52,73811.8,178.26865699
1780156800,73811.8,73873.89,73761.99,73823.81,115.52325228
1780160400,73823.81,73919.63,73695.62,73910.78,165.78939876
1780164000,73910.79,74029.01,73830.42,73929.53,149.33621202
1780167600,73929.53,73966.34,73854.35,73904,144.70172241
1780171200,73904,73907.97,73788.15,73871.19,111.44315159
1780174800,73871.19,73945,73807.12,73869.07,151.40673689
1780178400,73871.64,73875,73668.25,73767.48,120.47978846
1780182000,73767.48,73885.99,73657.4,73770.69,208.43728259
1780185600,73770.69,73927.57,73739.77,73915,106.22235159
1780189200,73915,74156.59,73904.99,73941,157.74234643
1780192800,73941,74130,73750.3,73982.76,180.97147142
1780196400,73982.77,74112,73951.72,74032.06,94.55821843
1780200000,74032.06,74113.49,73986.02,74054,86.55673053
1780203600,74054,74100.72,73939.99,73947.01,75.06971287
1780207200,73947,73996.54,73877.67,73942.3,56.32043724
1780210800,73942.3,73942.3,73707.95,73752.83,113.66226562
1780214400,73752.83,73872.37,73735.05,73835.14,51.36527268
1780218000,73835.13,73918.79,73694,73733.38,88.34622707
1780221600,73733.38,73793.92,73603.75,73791.02,65.48718766
1780225200,73791.02,73871.78,73787.59,73818.71,80.41555829
1780228800,73818.71,73892.67,73759.01,73806.4,55.32302199
1780232400,73806.41,73909.56,73691.6,73762.82,103.18756109
1780236000,73762.82,73762.82,73394.72,73494.65,275.0547237
1780239600,73494.65,73679.5,73480.71,73542.76,152.07344427
1780243200,73542.76,73619.93,73288,73426.01,159.47751913
1780246800,73426.01,73637.77,73359.24,73612.54,123.99295348
1780250400,73612.54,73612.56,73471.29,73492.8,266.16148719
1780254000,73492.79,73545.77,73333.97,73442.49,163.82008458
1780257600,73445.29,73650,73445.29,73637.13,160.82075369
1780261200,73632.02,73809,73501.5,73782.14,290.78305763
1780264800,73782.14,73896.16,73571.91,73836.61,180.63754577
1780268400,73836.61,74092.08,73400,73575.17,230.82885698
1780272000,73575.18,73978.52,73541.95,73781.07,162.59085582
1780275600,73781.05,73809.92,73173.85,73188,182.07887744
1780279200,73187.99,73772.73,73112,73686.15,163.20694248
1780282800,73679.07,73914.01,73618.3,73661.74,140.56954588
1780286400,73661.74,73742,73236.82,73419.49,154.57090781
1780290000,73419.49,73433.69,73221.67,73249.74,121.73320153
1780293600,73255.77,73270.24,72859.47,73035.99,160.72469176
1780297200,73033.03,73103.32,72599.6,72701.95,178.72352197
1780300800,72701.95,72826.97,72512.01,72800.76,201.57217095
1780304400,72800.76,72999.98,72704.7,72791.36,213.33502872
1780308000,72795.45,72820,72500,72656.6,232.00912631
1780311600,72656.53,72678.88,72205.86,72388.76,265.00775886
1780315200,72388.76,72523.32,71817,72129.41,636.66054156
1780318800,72129.4,72149.86,71229.85,71582.01,1352.08576635
1780322400,71584.51,71767.7,71262.79,71429.86,1442.83539786
1780326000,71432.12,71554,70925.28,70992.1,1370.72164076
1780329600,70992.1,71485.41,70555,71445.06,1125.94099034
1780333200,71445.07,71707.56,71357.16,71535,514.56389972
1780336800,71533.78,71590,71264.03,71400,362.01340778
1780340400,71397.99,71577.22,71278.46,71488.84,601.08681252
1780344000,71488.84,71603.49,71315.42,71355.13,344.77940391
1780347600,71355.14,71357.15,70831.92,70932.41,391.41109705
1780351200,70932.4,71358.77,70733.39,71305.87,295.21339481
1780354800,71305.87,71490.88,71119.5,71314.42,222.42927999
1780358400,71314.43,71315.67,70993.11,71189.36,161.91338149
1780362000,71189.35,71275.58,70501.41,70548,248.59783387
1780365600,70551.13,70776.62,70011.01,70735.97,664.11327665
1780369200,70735.98,70935.89,70696.71,70839.51,254.25372062
1780372800,70839.5,70946.9,70602.45,70700.8,286.80485114
1780376400,70700.81,70732.81,70151.4,70159.03,309.72231126
1780380000,70159.03,70337.04,69845.4,70000,539.93343696
1780383600,70000,70170.22,69635,70009.25,314.70864823
1780387200,70009.16,70073.74,69581.07,69710.93,308.46211618
1780390800,69710.92,69742.28,69216.84,69319.4,353.66207964
1780394400,69319.4,69641.49,69239.33,69535.1,309.81722144
1780398000,69535.1,69550.24,69298.56,69349.99,209.34256998
1780401600,69350,69438.8,68875,68903.79,537.15044761
1780405200,68903.79,69072.62,68613.99,68678,1129.62435123
1780408800,68678.24,68708.01,67491.95,67875.41,1858.63616089
1780412400,67875.4,67948,66940,67158.38,1534.65314651
1780416000,67158.38,68002.86,67078.72,67296.18,1295.45322118
1780419600,67296.18,67711.53,67230,67356.4,663.91336951
1780423200,67356.4,67539.16,67005,67215.75,675.19262954
1780426800,67215.76,67388.07,66320.16,67213.59,1375.18135011
1780430400,67213.6,67577.01,66796.01,67484.99,556.14238875
1780434000,67485.08,67824.46,67299.02,67460,558.84693606
1780437600,67460,67462.21,66141.3,66291.94,693.71931477
1780441200,66295.32,66773.52,66100.01,66658.35,901.47829259
1780444800,66658.45,67106.04,66555.59,66834,946.18210144
1780448400,66832.83,66960.65,66373.85,66817.99,406.21877297
1780452000,66818,66839.49,66472.95,66519.98,344.29826337
1780455600,66519.97,66569.07,65353.08,65754.13,992.82879924
1780459200,65754.14,66527.2,65727.51,66377.98,530.00479232
1780462800,66376.44,67296.64,66373.07,67223.73,612.46046936
1780466400,67222.46,67416.5,66850.58,66879.08,383.7212293
1780470000,66882.96,67244.75,66762.6,67128.75,252.24561287
1780473600,67124.7,67161.59,66862.51,66927.65,283.22856537
1780477200,66927.65,67226.76,66546.37,66971.83,374.81352585
1780480800,66971.84,67375.49,66961.73,67194.35,299.38691744
1780484400,67194.34,67275.12,66942.73,66969.63,253.45263403
1780488000,66969.63,67061.35,66680.32,66984.64,410.86191009
1780491600,66984.64,67149.71,66518.51,66787,823.8444998
1780495200,66786.24,66879.93,66527.97,66748.71,998.32154901
1780498800,66752,66787.69,65963.4,65969.53,1341.80755321
1780502400,65970.62,66266.16,65440,65960.76,1042.13488265
1780506000,65962.38,66085.39,65600.06,65859.81,600.27835738
1780509600,65859.81,66068.01,65640.16,65939.52,486.27053407
1780513200,65939.52,65960.47,65158,65356.01,850.85455004
1780516800,65357.33,65509.94,64650.01,64909.01,1203.6618729
1780520400,64909,65766.83,64856.84,65672.75,761.01057298
1780524000,65672.75,65749.93,64675.01,64812.21,607.26084794
1780527600,64813,64885.99,63985.01,64040,984.88064233
1780531200,64039.99,64338.28,62920.75,63253.49,1531.83085557
1780534800,63254.52,63411.81,62022.92,62099.03,1525.30353375
1780538400,62099.03,63555,61309.25,63150,1928.95690527
1780542000,63150.75,64453.37,63138.94,64283.38,896.66781343
1780545600,64283.38,64695,64194.01,64328.01,711.19820628
1780549200,64328,64329.89,63570.64,63893.55,677.88200418
1780552800,63890,64422.51,63824.17,63966.5,405.71747877
1780556400,63969.21,64004.24,63427,63531.01,444.06588639
1780560000,63531.01,63833.24,63171,63539.98,607.09354696
1780563600,63539.98,63558.59,62615.9,63177.89,859.66662278
1780567200,63186.41,63194,62221.18,62343.18,1140.72381034
1780570800,62343.19,62766.32,62132.43,62478.12,1032.62793828
1780574400,62477.28,63896.24,62311.15,63699.08,1019.8350216
1780578000,63697.99,64188,62983.15,64176,1581.97129219
1780581600,64173.18,64443.41,63721.47,63887.09,1148.75047036
1780585200,63887.09,64336.81,63613.28,63813.58,1318.34341552
1780588800,63813.58,63848.37,63358.67,63471.56,1094.56105738
1780592400,63471.57,63636.3,62857.79,63446.65,1585.04812545
1780596000,63446.65,64021.38,63053.45,63717.58,1418.2191261
1780599600,63717.7,64081.78,63444.75,63541.28,1154.82923256
1780603200,63541.27,63614.13,63088.42,63571.19,1495.00332844
1780606800,63571.11,63812.18,63049.24,63216.79,642.11943475
1780610400,63215.61,63704.99,63109.96,63660.85,861.85496211
1780614000,63657.99,63850,63298.87,63806.02,451.31644254
1780617600,63806.02,63906.02,63313.2,63345.93,455.16399805
1780621200,63345.92,63490.05,62969.7,63290.74,442.57049505
1780624800,63290.74,63383.84,62514.75,62544.28,517.26928222
1780628400,62548.37,62826.13,62260,62658.31,546.4910529
1780632000,62662.89,63575.7,62419.72,63542.46,667.26024651
1780635600,63542.46,63616.06,62208.9,62263.05,583.80489873
1780639200,62262.01,62568,61082.33,61881.79,1918.66864234
1780642800,61881.79,63067.7,61311.01,63049.15,951.24441094
1780646400,63044.53,63055.52,62229.36,62402.36,519.1099797
1780650000,62403.62,63202.7,62374.68,62803.3,450.91259434
1780653600,62802.3,62880,62311.06,62479.4,490.30228614
1780657200,62477.8,62581.09,61897.6,61898.07,559.68215657
1780660800,61897.6,62392.49,61552,61910.9,1048.12509574
1780664400,61912.41,62276.59,60669.01,60679.38,1525.01281692
1780668000,60679.37,61177.12,60292.85,60818.03,2061.90490504
1780671600,60818.03,61080,60010.01,60387.87,1957.8534888
1780675200,60387.86,61509.44,59750,61348.76,3410.64373894
1780678800,61342.99,61461.9,60600.84,60751.96,1141.28610053
1780682400,60751.96,60898.46,59085.22,59346.8,2239.50370107
1780686000,59350.01,60425,59073.01,60264.11,2129.13600082
1780689600,60264.11,61748.11,59904.72,61595.92,2158.90715956
1780693200,61596,61971.74,61412.81,61641.23,1365.16922397
1780696800,61641.22,61946.23,61199.11,61565.01,903.91804268
1780700400,61565.01,61747.45,60465.17,61032,688.77468787
1780704000,61031.98,61499.41,61022.13,61246.91,373.12933468
1780707600,61246.92,61355.26,60928.51,61025.82,305.53104767
1780711200,61025.81,61155,60646.03,60922.79,313.9102352
1780714800,60922.8,60943.6,60484.65,60663.77,338.52220308
1780718400,60663.77,60846.62,59448.45,60076.85,1228.86361667
1780722000,60076.86,61038.12,59596.68,60910.5,723.54914074
1780725600,60910.57,61240.35,60645.5,60759.38,359.29025353
1780729200,60757.18,61199.18,60692,60974.23,309.32883425
1780732800,60974.26,61458.59,60846.96,61236,318.9409484
1780736400,61234.53,61292,60846.96,60946.61,176.93125897
1780740000,60946.61,60946.61,60171.96,60555.94,504.58194648
1780743600,60554.02,60933.79,60514.91,60775.55,262.99475073
1780747200,60774.68,61150,60607.07,60997.95,489.03790613
1780750800,60997.96,61070.43,60669,60774.3,276.94235446
1780754400,60774.32,60986.6,60737.01,60763.52,283.2370077
1780758000,60763.53,60899.1,60356.84,60748.13,410.61670134
1780761600,60748.14,60939.35,60433.11,60750.32,376.23136528
1780765200,60754.12,60818.66,60466.61,60548.84,365.88729342
1780768800,60547.99,60717.08,60364.01,60603.98,309.60037643
1780772400,60602.1,60755.84,60500,60562.06,266.97740128
1780776000,60562.05,60728.26,60485,60682.68,339.08803061
1780779600,60682.67,60973.04,60669.39,60718.89,237.64268823
1780783200,60718.91,60787.73,60400,60511.01,305.88133331
1780786800,60509.99,60919.5,60509.17,60850.48,196.69937075
1780790400,60850.48,60959.87,60706.4,60750,209.10191596
1780794000,60750,61633.33,60725.13,61441.93,535.60633723
1780797600,61441.91,61536.89,61151.91,61470.95,285.11051397
1780801200,61469.99,61747.73,61377.68,61670.73,246.36061033
1780804800,61670.73,61880.97,61454.43,61855.48,210.25040903
1780808400,61855.48,62120.92,61614.05,61715.21,355.69432205
1780812000,61715.14,62242.61,61586.01,62076.26,349.04086578
1780815600,62076.26,62389.17,61960.66,62374.5,353.53370332
1780819200,62374.5,62937.69,62227.53,62824.21,507.42713494
1780822800,62824.22,62886,62371.83,62504.83,327.99467166
1780826400,62504.84,62544.61,62263.22,62345.37,163.51901327
1780830000,62345.37,62734.88,62334,62600.04,273.02177018
1780833600,62600.03,62622.96,61544.84,61870.71,697.16039781
1780837200,61870.71,61880.09,61626.57,61673.52,298.78082614
1780840800,61673.53,62286,61670.86,61870.71,382.84039793
1780844400,61870.71,62189.97,61639.1,62068.82,311.1623468
1780848000,62071.01,62300.57,61932,62054.07,276.70815888
1780851600,62054.07,62299.9,62011.56,62128.02,314.43533682
1780855200,62128.02,62267.81,61982.77,61998.25,239.87009867
1780858800,61998.26,62008.42,61146.42,61297.99,806.4604251
1780862400,61297.99,61939.61,61182.42,61838.92,599.09485832
1780866000,61838.9,61981.44,61621.13,61748.63,261.46715018
1780869600,61748.63,64234.45,61690.6,62834.46,1232.46157164
1780873200,62833.6,63426.55,62759,63302.73,556.06989669
1780876800,63302.03,63836,63114.23,63605.95,664.74689364
1780880400,63605.94,63623.39,62685.54,63182.45,642.12327158
1780884000,63186.01,63234,62878.43,63093.02,342.07194661
1780887600,63093.01,63418,62939.24,63090.02,218.06937171
1780891200,63091.59,63135.22,62617.63,62645.99,263.834053
1780894800,62646,62793.98,62365.43,62725,406.38557686
1780898400,62725,63107.05,62690.77,62953.68,244.23228182
1780902000,62953.68,63298,62762.81,63240,298.32405566
1780905600,63240.25,63240.25,62939.58,63086,205.51068583
1780909200,63086,63523.66,63069.56,63448.33,319.1212651
1780912800,63448.34,63505.42,63024.65,63108.69,409.01691743
1780916400,63106.31,63827.35,62995.26,63429.85,579.74610499
1780920000,63429.84,63893.24,62650.78,63825,820.97313413
1780923600,63829.57,63901.78,63303.55,63709.98,908.11696921
1780927200,63709.98,64060,63523.68,63943.28,1045.77674425
1780930800,63943.31,64200.02,63668.99,63742.93,826.77137526
1780934400,63742.94,64013.4,63428.46,63488.72,594.55868757
1780938000,63488.71,63625.57,63237,63520.5,516.12329394
1780941600,63520.5,63667.9,63304.26,63442.06,433.61650616
1780945200,63442.06,63567.86,63329.17,63352.53,416.66852213
1780948800,63352.99,63466.73,62711.03,63466.73,480.0233149
1780952400,63466.73,63835.79,63453.66,63701.76,446.41047417
1780956000,63701.76,63701.76,63188.68,63426.02,330.82331217
1780959600,63426.01,63575.7,62950.28,63062.98,342.61170657
1780963200,63062.97,63163.78,62391.6,62529.99,569.82355247
1780966800,62529.99,62857.1,62520.42,62740,200.69976853
1780970400,62740,62848.82,62512.95,62846.56,110.33071449
1780974000,62846.57,62949.5,62674.02,62842.08,161.43476562
1780977600,62842.86,63396.66,62714.49,63199.32,280.42140236
1780981200,63199.32,63490.49,63077,63306.18,126.14574273
1780984800,63306.18,63472.8,63189.8,63263.98,130.00059186
1780988400,63263.99,63408,62948.88,63158.51,195.17992104
1780992000,63158.51,63176.99,62714.7,62808.18,280.63284017
1780995600,62808.18,62920.55,62551.08,62681.91,300.26431333
1780999200,62681.91,62800.36,62553.79,62748.74,234.38910067
1781002800,62748.74,62776.37,62455.96,62673.3,322.59611944
1781006400,62673.29,62862.87,62387.01,62599.92,355.21607975
1781010000,62605.97,62701.29,62100,62232.22,868.91892384
1781013600,62232.18,62355.37,61090.87,61502.36,1324.08308879
1781017200,61503.96,61666.36,60970.02,61069.07,956.37799185
1781020800,61073.68,61434.92,60713.5,61338,1400.49501191
1781024400,61337.51,61838.27,61337.51,61637.72,656.70529563
1781028000,61637.76,61899.99,61535.81,61729.36,278.88861939
1781031600,61729.36,62055.89,61658.18,62044.83,582.88136609
1781035200,62044.84,62227.59,61900,62117.95,340.23794654
1781038800,62117.95,62130.14,61637.9,61714,834.37910447
1781042400,61716.58,61932.87,61614.19,61682.05,241.36959656
1781046000,61682.05,61843.05,61489.5,61685.8,466.85675326
1781049600,61685.81,61891.89,61400,61877.93,243.37154178
1781053200,61877.94,61936.64,61542.45,61670.6,195.51754075
1781056800,61670.61,61798.64,61190.65,61258.68,295.37561038
1781060400,61258.67,61550,61235.41,61503.97,167.99565235
1781064000,61503.97,61520.97,61140,61250.32,164.41667851
1781067600,61250.32,61350,61030.09,61306.28,144.16015713
1781071200,61306.28,61470.93,61094.65,61418.18,164.61662035
1781074800,61418.18,61750.69,61378.87,61641.08,193.07746364
1781078400,61641.08,61684.89,61112.32,61213.04,219.50353463
1781082000,61214.56,61379.4,60708.92,61289.11,405.28382135
1781085600,61289.1,61409.76,61097.03,61329.49,184.91054762
1781089200,61338.76,61388,60799.82,60977.48,378.15639881
1781092800,60977.47,61900.7,60900.9,61512.99,614.52648019
1781096400,61512.99,62427.42,61380.65,62091.92,736.12612795
1781100000,62094.55,62201.21,61750,62146.02,680.93982929
1781103600,62146.06,62809.04,61786.41,62580.66,956.92555371
1781107200,62580.66,62594.28,61868.84,62169.99,638.64738547
1781110800,62169.99,62310.63,61589.75,61914.59,608.78909323
1781114400,61914.6,62115,61528.79,61818.11,452.17463622
1781118000,61818.9,62007.64,61606.52,61882,367.818541
1781121600,61882.62,61892.18,61620.01,61738.38,197.05395027
1781125200,61738.38,61740.81,61113.3,61293.47,378.75752425
1781128800,61293.99,61516,61028.22,61320,420.73302374
1781132400,61319.2,61550,61100,61449.46,232.08033225
1781136000,61449.47,61922.01,61449.47,61762.03,334.98486501
1781139600,61762.03,62301.58,61756.93,62147.95,339.45993813
1781143200,62147.94,62243.48,61869,62066.99,221.81542785
1781146800,62066.99,62761.33,61929.8,62601,333.9637175
1781150400,62600,62778.96,62466.14,62649.94,150.3514061
1781154000,62649.95,62649.96,62479.68,62543.33,107.50329977
1781157600,62543.33,62924,62466.84,62686.01,213.28551671
1781161200,62686.02,62768.59,62525.54,62639.88,136.13087515
1781164800,62639.87,62971.17,62634.3,62886.41,192.41639765
1781168400,62886.4,62919.19,62715.29,62850,220.82402832
1781172000,62849.99,63143.17,62721.5,63067.15,353.54508866
1781175600,63067.14,63200,62965.95,63043.98,260.13999196
1781179200,63043.99,63126.56,62437.51,62939.17,916.23956814
1781182800,62939.15,63200.93,62595.9,63019.97,954.40458815
1781186400,63019.97,63040.09,62657,62657.76,492.10972259
1781190000,62657.76,62819.99,62467.14,62680.49,508.36231333
1781193600,62680.48,62767.77,62455.71,62493.8,368.7735414
1781197200,62493.79,63586.7,62255.87,63562,1143.55867577
1781200800,63561.98,63721.98,63230.15,63384.92,516.48513797
1781204400,63384.92,63866.82,63320,63548,707.87072734
1781208000,63541.49,63604.28,63202.84,63332,301.67261037
1781211600,63332.01,63539.39,63329,63464.01,176.37471481
1781215200,63464.01,63617.75,63395.58,63436.7,191.33047019
1781218800,63436.69,63634.1,63249.51,63563.42,307.64840757
1781222400,63563.44,63727.4,63455.16,63574.68,231.94773367
1781226000,63574.69,63579.46,63216.55,63350.46,224.99791475
1781229600,63350.45,63704.36,63350.09,63534.84,175.24130458
1781233200,63534.84,63564.71,63257.98,63430.5,175.8309088
1781236800,63430.5,63775.99,63332.32,63613.93,168.20256916
1781240400,63613.92,63635.38,63216.13,63268,189.12995003
1781244000,63268,63328.99,62739.81,62898.71,221.05083343
1781247600,62898.72,63127.67,62864.24,63014.82,250.30035154
1781251200,63016.91,63544.3,63012.02,63391.68,274.81195
1781254800,63391.69,63882.85,63354.01,63678.78,224.77624562
1781258400,63678.78,63776.35,63504.43,63617.69,295.22925438
1781262000,63617.69,63812.75,63605.02,63685.17,148.81113631
1781265600,63685.17,63697.91,63291.99,63388.3,246.32464637
1781269200,63388.3,63457.58,62964,63151.96,768.00559353
1781272800,63150.79,63957.13,63110.96,63950.72,900.62105952
1781276400,63950.71,64347.32,63501.11,63550.46,1024.54225248
1781280000,63552,63964.72,63460.13,63942.77,465.67570847
1781283600,63942.81,64082.8,63692.34,63823.2,513.83848757
1781287200,63823.21,63900,63630.93,63648,288.14651759
1781290800,63647.98,63789,63550,63552.05,487.21628567
1781294400,63552.05,63667.54,63342.03,63408.07,424.55163049
1781298000,63409.66,63597.86,63401.25,63435.97,164.34612518
1781301600,63435.97,63629.22,63430,63472.34,142.10633294
1781305200,63472.34,63546.07,63385.51,63538.43,174.16197214
1781308800,63538.44,63608.6,63466.32,63557.9,207.62003062
1781312400,63559.82,63804.99,63559.82,63796.97,142.2034124
1781316000,63796.97,63796.98,63525.66,63605.25,211.65763917
1781319600,63605.26,63685.16,63400.92,63494.14,151.76032958
1781323200,63494.14,63613.54,63445.63,63472.43,62.63566446
1781326800,63472.44,63567.06,63452.3,63551.17,106.21183753
1781330400,63551.17,63706,63510.63,63705.56,78.69176358
1781334000,63705.56,63849.74,63634.19,63806.37,272.62040802
1781337600,63806.37,63876.62,63723.46,63764.92,89.77920946
1781341200,63764.92,63825.52,63700.02,63705.45,87.52443725
1781344800,63709.24,63870.44,63681.83,63803.18,76.06735276
1781348400,63803.19,63937.47,63796.82,63923.41,196.34454268
1781352000,63923.41,64170.03,63877.6,64091.98,127.83424088
1781355600,64091.97,64211.5,64011.52,64061.62,194.88528068
1781359200,64062,64198.76,64042.79,64183.93,87.5578998
1781362800,64185.98,64310,64146.01,64258.02,204.55432273
1781366400,64258.02,64268.93,63871.78,63985.03,384.48336225
1781370000,63985.03,64084.97,63901.51,63932.63,165.53145872
1781373600,63933.39,64259.01,63933.39,64124.32,269.02636268
1781377200,64124.32,64300,64112.63,64268.92,210.5751728
1781380800,64264.51,64267.76,64192.21,64254,133.65704156
1781384400,64254.97,64727.27,64189.19,64438.02,244.24554673
1781388000,64438.01,64535.68,64350,64426.58,199.24971243
1781391600,64426.62,64571.1,64357.09,64429.99,241.72842882
1781395200,64424.98,64558.23,64345.5,64532.28,96.92280599
1781398800,64532.28,64682,64474.75,64545.59,120.04048895
1781402400,64545.58,64609.43,64448.8,64456.28,140.57790429
1781406000,64456.28,64517.37,64427.38,64513.58,92.53871076
1781409600,64513.59,64536.58,64296.94,64307.56,119.65642208
1781413200,64310.39,64390.15,64261.4,64334,236.17717915
1781416800,64334.23,64457.25,64211.67,64258.25,106.18771316
1781420400,64258.24,64412.48,64190,64396.52,77.79260902
1781424000,64396.53,64496.95,64350.34,64422.06,108.36895373
1781427600,64422.07,64580.63,64279.5,64577.99,108.38011496
1781431200,64577.99,64627.34,64455.94,64486.44,47.61449459
1781434800,64486.45,64610,64420.84,64513.83,171.58734002
1781438400,64513.84,64530.08,64257.98,64294.22,151.75345367
1781442000,64294.22,64365.15,64212.39,64285.06,184.13785619
1781445600,64285.64,64312.29,63829.65,63950.24,243.27180123
1781449200,63948.81,64112.49,63943.24,63986.18,109.26062099
1781452800,63986.19,64179.09,63893.01,63905.28,131.79067047
1781456400,63905.28,63988.52,63652.97,63696.58,175.65565079
1781460000,63696.58,63779.41,63640,63775.71,100.58148432
1781463600,63775.7,63822.29,63694.01,63768.28,76.06682847
1781467200,63768.27,64062.23,63750,63971.99,113.70760481
1781470800,63971.99,65608,63965.98,65280.67,1022.40950295
1781474400,65280.67,65526.98,64908.36,65381.84,546.69664719
1781478000,65381.85,65764.16,65222,65706.62,438.03427616
1781481600,65704.23,65882.25,65439.84,65590,397.13214121
1781485200,65590,65698.4,65302.08,65484.45,237.99608684
1781488800,65484.44,65740.86,65375.5,65427.46,181.53652239
1781492400,65427.47,65960,65387.88,65894.03,317.34321476
1781496000,65894.03,65894.04,65594.34,65604.96,139.60787766
1781499600,65604.97,65837.43,65574.36,65825.05,135.04758959
1781503200,65825.05,65923.63,65717.55,65770.83,149.21500757
1781506800,65770.83,65970.26,65581.02,65633.83,148.71953299
1781510400,65633.83,65760.83,65576.99,65614.81,135.28811931
1781514000,65614.81,65752.33,65464.2,65550.46,231.93992594
1781517600,65550.45,65931.14,65535.54,65879.95,180.59702578
1781521200,65879.95,66348.4,65797.49,66190.01,447.26641257
1781524800,66190,66575.56,66058.06,66527.51,496.36643664
1781528400,66533.31,66908,66343.76,66394.34,864.30547053
1781532000,66394.34,66640.74,66240.54,66543.2,466.26735787
1781535600,66543.2,67264,66533.7,67252.01,660.92093637
1781539200,67252,67255.54,67048.02,67123.03,697.23714037
1781542800,67123.04,67123.04,66645.95,66813.93,460.80087042
1781546400,66813.97,66914.47,66678.84,66734.81,320.42800761
1781550000,66734.8,66867.9,66322.6,66577.42,682.07691227
1781553600,66582.95,66657.26,66453,66487.44,162.40754832
1781557200,66487.44,66531.55,66289.68,66335.42,202.01332794
1781560800,66335.44,66438.36,66053.75,66155.99,213.79739526
1781564400,66156,66321.62,66075.16,66276.8,143.24993215
1781568000,66276.79,66424.92,66193.21,66211.09,141.71429405
1781571600,66211.07,66381.03,66203.34,66304.16,118.3269802
1781575200,66304.17,66329.4,65650,65704.98,237.72944351
1781578800,65704.97,66134.1,65607.54,66111.75,181.27211458
1781582400,66111.76,66237.69,65761.91,65800,148.90204307
1781586000,65800.01,66129.24,65800.01,66020.16,130.14179398
1781589600,66020.15,66522.4,66020.15,66408.46,146.06751507
1781593200,66408.46,66490.39,66263.24,66334.18,117.3878883
1781596800,66334.19,66944,66295.93,66858.7,228.50576185
1781600400,66855.23,66885.68,66425.1,66461.65,142.15517488
1781604000,66461.65,66735.11,66434.99,66456.9,192.00837269
1781607600,66456.9,66597.99,66316.75,66440.49,117.07820919
1781611200,66440.49,66774.05,66312.66,66367.98,249.94735252
1781614800,66367.99,66417.43,65873.37,65985,456.61970404
1781618400,65989.47,66214.99,65300.03,65601.16,638.69172237
1781622000,65601.17,65951.72,65550,65807.01,436.89642454
1781625600,65807.97,65899.3,65636.9,65698.37,456.23209529
1781629200,65698.37,65959,65642.93,65917.35,297.7474004
1781632800,65917.36,66202.79,65735.5,65781.87,369.43935885
1781636400,65781.86,65781.86,65487.74,65622.49,727.62417845
1781640000,65618.89,65816.92,65523.9,65792.7,239.2156362
1781643600,65792.71,65882.44,65583.6,65703.71,310.08001313
1781647200,65703.71,65820.95,65607.22,65710.11,157.55951552
1781650800,65710.22,65766.45,65557.01,65616.64,106.47060285
1781654400,65616.64,65800,65616.64,65644.68,144.32148529
1781658000,65644.68,65899.3,65417.05,65870.61,221.82450832
1781661600,65870.61,66073.34,65720.24,65847.99,144.11905826
1781665200,65847.99,65848,65637.58,65794.05,140.53897252
1781668800,65794.06,65990.71,65727.11,65824.01,75.93714263
1781672400,65824,65922.43,65682.01,65768.1,102.53504647
1781676000,65768.11,65832.44,65511.01,65550.84,108.4370744
1781679600,65550.94,65649.2,65179.71,65463.42,319.25715843
1781683200,65463.42,65505.32,64773.81,64861.97,258.50760523
1781686800,64861.97,65017.98,64779.04,64849.92,98.76505252
1781690400,64849.93,64943.87,64698.44,64739.51,111.18788394
1781694000,64739.51,64820.82,64491.88,64749.51,390.06367961
1781697600,64749.52,65050.47,64529.74,64979.56,209.52653463
1781701200,64979.55,65318.63,64781.43,65219.59,385.92569442
1781704800,65219.59,65408.78,64710.76,65047.01,371.94720045
1781708400,65047.02,65802.01,64926.22,65696.96,353.1139802
1781712000,65696.96,66384.01,65661.98,65807.19,485.42700261
1781715600,65807.19,66144,65730.95,66055.58,292.23474685
1781719200,66054,66054,64754.35,65453.18,1013.16627591
1781722800,65454.8,65612.01,63985,64241.65,1369.0799133
1781726400,64241.65,64432,64101.52,64370.66,438.05479207
1781730000,64370.66,64400.44,64080.62,64196.47,224.71008804
1781733600,64196.48,64370.55,63851.02,64233.99,239.32765428
1781737200,64233.99,64470.99,64187.47,64446.04,146.18769672
1781740800,64446.05,64648.76,64395.99,64399.99,175.6400699
1781744400,64399.99,64752.51,64399.99,64488.05,185.72427379
1781748000,64488.06,64714.51,64417.11,64617.61,96.29691715
1781751600,64617.61,64617.61,64191.85,64215.05,106.55823723
1781755200,64215.05,64276.83,63757.07,63809.28,337.50417759
1781758800,63806.07,63953.99,63619.96,63920.54,167.47687702
1781762400,63920.53,64057.92,63775.98,64011.38,237.2512435
1781766000,64019.43,64448.79,63940,64438.53,205.51933544
1781769600,64438.54,64586.15,64312.47,64336.01,191.85282779
1781773200,64336.03,64424.51,64132,64144.89,63.38730234
1781776800,64144.89,64166.46,63853.69,64024,195.73908037
1781780400,64024,64142.73,63816.1,63901.92,215.53483771
1781784000,63901.93,64340.09,63853.68,64309.22,298.85495148
1781787600,64309.22,64382.31,63721,63906.47,389.81526286
1781791200,63906.48,64118.98,63510,63732.62,438.37214494
1781794800,63730.42,63745.13,62212.88,62290.58,1311.25542663
1781798400,62283.58,62736,62265.78,62603.71,582.00072362
1781802000,62605.56,62654.77,62159.76,62512.66,533.86117467
1781805600,62512.67,62880.94,62486.88,62618.64,444.9521128
1781809200,62618.64,62931.99,62540.56,62872.8,348.32464011
1781812800,62872.01,63205.11,62871.41,63012.28,328.70926453
1781816400,63012.28,63052.52,62788.98,62889.73,175.5892382
1781820000,62889.73,62926.33,62671.8,62815.7,320.58688201
1781823600,62815.69,62917.02,62683.86,62879.01,124.67995298
1781827200,62879.01,63021.53,62772.3,62949.87,111.57213134
1781830800,62949.87,63030.55,62774.8,62951.98,124.66989752
1781834400,62951.98,63045.2,62816.01,62930,114.98444002
1781838000,62929.99,62962.78,62303.37,62702.08,343.95391155
1781841600,62702.07,62852.76,62346.18,62390.39,198.77180229
1781845200,62391.98,62681.39,62389,62675.81,99.53767174
1781848800,62675.82,62855,62661.99,62829.32,83.22228815
1781852400,62829.33,62856.47,62433.01,62561.21,178.08934282
1781856000,62561.21,62716,62456.7,62537.18,86.45546251
1781859600,62539.34,62587.08,62246.24,62317.11,178.04069928
1781863200,62317.12,62535,62313.38,62466.31,115.7720798
1781866800,62466.31,62626.7,62384.25,62570.52,107.48776814
1781870400,62570.52,62808.74,62288.5,62765.91,173.84930554
1781874000,62765.91,63341.21,62604.33,63147.18,261.98890129
1781877600,63147.04,63351.3,62950,63145.39,180.16007573
1781881200,63145.39,63226.2,62958.3,63150.22,125.43469929
1781884800,63153.12,63325.07,62868.16,62909.99,241.51656219
1781888400,62910,63167.85,62807.41,63135.45,169.82355951
1781892000,63135.45,63143.07,62923.92,63049.55,108.08702299
1781895600,63049.54,63081.42,62874.4,62969.39,107.15697558
1781899200,62969.4,63216.45,62895.15,63188.75,100.91782896
1781902800,63188.75,63221.56,62988.5,63015.11,89.61639374
1781906400,63015.11,63313.18,62989,63256.94,113.18061391
1781910000,63256.95,63595.93,63207.92,63475.2,177.95920271
1781913600,63475.08,63718.8,63406.8,63464,221.78285991
1781917200,63465.13,63560,63347,63524.86,117.7408731
1781920800,63524.87,63524.87,63269.55,63279.62,176.33076314
1781924400,63279.63,63457.15,63250,63418.16,165.62262696
1781928000,63418.16,63548.55,63336.35,63522.37,127.06133083
1781931600,63522.37,63840,63476.01,63613.05,150.02339569
1781935200,63613.04,63700,63572.85,63678.42,61.79699494
1781938800,63678.42,63738.18,63535.3,63593.09,74.82090353
1781942400,63593.1,63606.92,63323.7,63358.49,90.36873999
1781946000,63358.49,63726.75,63354.17,63667.07,170.95448818
1781949600,63667.08,63710.55,63524.77,63609.6,152.2199076
1781953200,63609.59,63734.85,63549.76,63617.41,131.4988589
1781956800,63617.41,63726.74,63482.01,63594.45,131.28204737
1781960400,63594.45,63594.45,63214.96,63336.34,141.42651111
1781964000,63334.05,64080,63131.38,63881.93,402.94756667
1781967600,63881.94,64312.73,63776.63,64086.07,284.97496905
1781971200,64091.25,64103.39,63840.15,63967.89,224.192026
1781974800,63964.49,63970.09,63670.01,63751.18,243.18493672
1781978400,63751.18,63862.08,63705.37,63734.81,96.73804131
1781982000,63734.8,63900,63718.01,63867.36,147.12342892
1781985600,63867.37,63907.6,63777.15,63858.68,192.68172577
1781989200,63858.67,64017.16,63840.59,63937.01,142.50760949
1781992800,63937.01,64279.63,63899.99,64196.99,132.34777815
1781996400,64196.99,64265.4,64172.25,64222.99,86.73575282
1782000000,64223,64248,64158.78,64212.8,177.37166998
1782003600,64212.81,64241.53,64120,64150.01,155.052302
1782007200,64154.97,64194,64140.07,64157.98,112.16190047
1782010800,64157.98,64397.1,64146.06,64339.42,122.83232849
1782014400,64342.97,64508.4,64173.86,64199.05,118.63913665
1782018000,64199.05,64286.6,64141.1,64178.01,57.76702706
1782021600,64178.01,64243.98,64112,64219.96,35.45164874
1782025200,64219.97,64220.13,64089.7,64102.01,58.573187
1782028800,64109.72,64147.95,63820.91,63935.35,167.31226614
1782032400,63935.36,64169.36,63880.65,64126,72.42202891
1782036000,64126.01,64331.82,64109.74,64286.71,110.94338429
1782039600,64288.65,64398.98,64025.94,64095.3,132.86558434
1782043200,64095.29,64153.45,63872.56,64107.67,122.40929439
1782046800,64107.67,64107.67,63932.45,64068.7,72.38379718
1782050400,64068.69,64075.05,63920.93,64061.29,100.00951489
1782054000,64061.29,64273.5,64030.85,64143.98,116.33373574
1782057600,64143.99,64172.24,63961.6,64065.58,166.14613494
1782061200,64065.58,64140,63986.99,64065.3,97.23658006
1782064800,64065.31,64159.98,63866.94,64140,150.36707997
1782068400,64130.53,64220.85,64082.12,64119.97,139.35914126
1782072000,64119.98,64192.5,63620.43,63770.33,274.79926582
1782075600,63770.24,63882.01,63427.05,63724,373.56831578
1782079200,63721.49,63781.71,63490.01,63724.92,392.4388237
1782082800,63724.91,63724.91,63171.19,63235.63,414.7659965
1782086400,63235.63,64010.24,63235.61,63811.8,439.22299675
1782090000,63811.81,64733,63767.25,64524.01,444.22389396
1782093600,64522.59,64590.01,64164.15,64176.94,133.13367317
1782097200,64176.93,64378.8,63823.47,63886.56,238.48806502
1782100800,63886.56,64034.55,63783.87,64012.15,132.94310951
1782104400,64012.15,64261.21,64002.12,64164.81,140.18086318
1782108000,64164.81,64245.14,63863.92,63910.01,148.39695016
1782111600,63910.01,64314.96,63884.7,64131.4,109.73972571
1782115200,64131.4,64270.08,63959.99,64089.6,127.49059605
1782118800,64089.6,64181.75,63978.26,64070.41,52.36647801
1782122400,64070.41,64204.68,64002.01,64066.37,64.74965641
1782126000,64066.37,64699.99,64025.01,64583.24,403.47199302
1782129600,64583.24,65150,64501.99,65077.58,650.98063957
1782133200,65077.59,65518.07,64869.97,65511.99,787.52974632
1782136800,65511.99,65553.39,64756.16,64900.01,674.33535986
1782140400,64901.11,65075.98,64675.53,64764.02,515.84664931
1782144000,64765.38,64788.46,64432.98,64641.09,660.80205586
1782147600,64641.09,64692.48,64315,64529.2,373.85649033
1782151200,64529.21,64665.98,64234.95,64268.67,349.81837547
1782154800,64268.68,64434.74,64187.25,64408.02,425.63264842
1782158400,64401.49,64603.78,64288,64359.17,245.54912204
1782162000,64359.03,64417.85,64076.44,64246.41,261.98754757
1782165600,64246.41,64327.63,63726.78,63889.99,352.68777941
1782169200,63889.99,63980.32,63798.76,63950.61,210.69296299
1782172800,63950.61,64086.74,63755,64080.59,182.51748585
1782176400,64080.59,64211.95,63819.69,64078.72,208.92727314
1782180000,64078.72,64198.97,63966.08,64122.72,115.32116317
1782183600,64122.72,64125.29,63884.2,63987.82,160.0790947
1782187200,63987.83,64017.96,63524.78,63541.99,223.18683988
1782190800,63541.99,63654.99,63276.33,63321.01,237.04853797
1782194400,63321,63321,62500,62863.9,395.69068326
1782198000,62864.27,63019.3,62787.72,62805.5,170.49805349
1782201600,62805.51,62869.59,61862.27,62308.15,551.09874948
1782205200,62308.16,62437.79,62267.96,62298,165.66308618
1782208800,62298.01,62500.01,62158.31,62237.25,213.62120642
1782212400,62237.26,62561.25,62234.05,62432.78,251.65995919
1782216000,62432.78,62485.6,62111.01,62182.51,244.50478849
1782219600,62179.09,62462.41,61871.56,62400.15,625.78889158
1782223200,62400.15,62778.89,62325.88,62415.89,564.94213636
1782226800,62415.89,62434.05,62115.7,62404.01,347.06450958
1782230400,62404.01,62745.13,62343.51,62463.02,597.93084198
1782234000,62463.65,62606.05,62250,62271.41,315.02853827
1782237600,62271.42,62370.3,62005,62150.89,447.12059727
1782241200,62150.9,62398.25,62140.58,62310.83,292.43950264
1782244800,62311.32,62454.03,62300,62388.98,134.91174516
1782248400,62388.98,62580.71,62388.98,62515.05,185.30358745
1782252000,62515.06,62699.99,62436.24,62509.96,175.19602687
1782255600,62509.96,62715.35,62413.85,62644.86,126.06883904
1782259200,62644.86,62946.54,62644.86,62933.09,314.41180853
1782262800,62933.1,63040.99,62682.86,62849.39,199.52800087
1782266400,62849.39,62930.22,62519.14,62546.33,182.89928337
1782270000,62544.96,62750.32,62374.5,62649.71,141.31452041
1782273600,62649.71,62711.99,62437.68,62661.75,138.06560563
1782277200,62661.75,62982.01,62620,62802,238.68625445
1782280800,62801.99,62825.9,62638.3,62691.85,135.04674851
1782284400,62691.85,62755.55,62518.5,62561.4,207.8166247
1782288000,62564.7,62715.98,62504.01,62707.51,154.71098887
1782291600,62707.51,62707.51,62545.62,62594.41,130.51854218
1782295200,62594.41,62599.9,62319.92,62354.94,157.79183689
1782298800,62354.94,63156.34,62218.9,62835.29,285.6282286
1782302400,62835.29,62891.39,62490.14,62522.46,249.23211833
1782306000,62522.47,62543.55,61140.69,61227.64,1580.72391412
1782309600,61227.64,61357.62,60789.67,61017.98,1391.30866655
1782313200,61017.97,61049.36,60156.01,60176.73,1189.55488487
1782316800,60176.73,60585.38,59541.17,59759.15,1261.86306984
1782320400,59761.19,59970,59010.74,59304.9,2508.05287711
1782324000,59309.31,59837.98,59218.2,59513.9,1660.71916906
1782327600,59513.92,59902.14,59428.01,59858.28,1133.51574435
1782331200,59860.58,61112.72,59756.13,60869.51,1403.56541386
1782334800,60869.52,61047.21,60566.15,61014.85,378.22341468
1782338400,61014.84,61175.42,60707.18,60778.43,343.24599499
1782342000,60778.43,61014.07,60726.27,60983.13,248.68717929
1782345600,60983.14,61064,60630.65,60717.47,304.41691587
1782349200,60717.47,60896.7,60620.85,60822.57,213.57728024
1782352800,60822.57,60869.05,60600,60696.97,259.05656791
1782356400,60696.97,60804,60581.44,60782.25,194.56893504
1782360000,60782.25,61316.43,60682,61251.25,221.60620381
1782363600,61251.24,61713.01,61200.02,61498.83,411.69752632
1782367200,61498.83,61756.72,61494.76,61624.92,171.21087706
1782370800,61624.92,61868.39,61561.01,61816.79,215.57949675
1782374400,61816.79,61826.28,61582.88,61613.83,134.94138736
1782378000,61613.84,61692.61,61510.33,61634.49,180.64631007
1782381600,61634.49,61654.96,61162.77,61178,217.03902188
1782385200,61178,61328.31,60965.4,61179.08,319.79996302
1782388800,61179.08,61666.2,60962.7,61132.63,482.36809317
1782392400,61132.28,61264.41,58000,58190,2240.7047826
1782396000,58186.39,60370,58181.99,59373.17,2353.10034754
1782399600,59374.19,59552.53,58761.38,59462.99,1538.05534736
1782403200,59462.99,59966,59048.82,59208.28,1109.381084
1782406800,59208.29,59633.51,59027.4,59579.08,874.38089572
1782410400,59579.95,59690.31,59257.04,59421.18,899.3127416
1782414000,59420.17,59425.2,59068,59220.01,826.89471914
1782417600,59225.05,59645.51,59209.34,59356.99,459.66391966
1782421200,59354.88,60166.55,59345,60113.97,578.04466928
1782424800,60113.94,60113.98,59639.43,59748.74,387.69674616
1782428400,59748.74,60100.5,59639.98,59703.65,434.12742919
1782432000,59703.66,59813.81,59542.01,59569.02,326.10811977
1782435600,59565.96,59692.55,59132,59340.99,273.48322979
1782439200,59340.99,59364,58265.61,58475.96,770.37886275
1782442800,58475.96,60033.18,58243.36,59936.99,801.89818962
1782446400,59936.98,60144.48,59740.39,59830.92,339.19435384
1782450000,59830.92,59957.64,59640.01,59860.02,261.18324857
1782453600,59856.02,60363,59608.8,60233.04,293.45731904
1782457200,60233.04,60660,60181.98,60422.76,983.82701967
1782460800,60421.44,60461.98,60050.8,60147.35,296.73589172
1782464400,60147.36,60165.63,59479.73,59638.93,289.13570461
1782468000,59638.93,59762.45,59144.56,59226.29,309.93516116
1782471600,59226.29,59492.51,59171.03,59328.02,299.80170634
1782475200,59328.02,59918.81,58880,59091.66,497.66955029
1782478800,59094.32,60122,58409.58,60081.65,1558.01649825
1782482400,60084.36,60202.43,59296.68,59500.31,1553.39517589
1782486000,59500.3,60413.99,59485.34,60226.92,1121.10159022
1782489600,60226.92,60492.32,59871.36,59939.3,856.90448246
1782493200,59939.28,60193.03,59847.48,59929.01,565.96384814
1782496800,59929,60064.73,59448.68,59566,602.13843698
1782500400,59566,59997.99,59510.88,59655.5,1111.85563562
1782504000,59668.5,59904.01,59480.78,59620.51,521.41792715
1782507600,59620.5,59964.87,59578.21,59826.03,187.28491463
1782511200,59826.02,59991.3,59657.76,59951.52,208.44409295
1782514800,59951.52,60028.02,59822.2,60002.53,315.56591925
1782518400,60002.97,60107.58,59783.22,59974.71,234.34914249
1782522000,59974.7,59985.31,59834.7,59847.91,258.5615408
1782525600,59847.92,60281.94,59826.52,60190.2,544.53848909
1782529200,60190.2,60318.02,60061.55,60211.57,164.04584604
1782532800,60209.77,60387.9,60120.39,60149.99,130.82563725
1782536400,60149.98,60220.43,60038.5,60143.99,101.50588084
1782540000,60143.99,60409.9,60008.17,60274.13,125.40418238
1782543600,60274.13,60480.53,60201.01,60451.64,151.41762837
1782547200,60451.64,60451.65,60272.72,60353.69,83.58557796
1782550800,60353.69,60407.45,60179.03,60313.23,188.01660463
1782554400,60313.23,60395.09,60279.39,60317.99,53.0991789
1782558000,60317.99,60349.71,60098.4,60264.73,100.02547332
1782561600,60264.74,60331.5,60153.48,60324.43,114.48935383
1782565200,60324.44,60556.99,60287.26,60483.15,113.66994968
1782568800,60483.15,60623,60405.39,60510.23,131.18918771
1782572400,60510.22,60838.92,60464.61,60740.31,228.88725682
1782576000,60741,60752.99,60569.64,60710.39,121.13719734
1782579600,60710.4,60716.55,60332.03,60424.07,209.83574955
1782583200,60424.07,60485.53,60342.46,60475.42,243.53443864
1782586800,60475.42,60509.4,59972.72,60077.65,262.99829287
1782590400,60077.65,60234.73,60073.92,60199.37,160.71901302
1782594000,60199.38,60386.03,60044.26,60102.49,183.68938914
1782597600,60102.49,60163.18,59765.1,60132.1,190.51581441
1782601200,60132.1,60227.45,59856.66,59934.84,167.37463858
1782604800,59934.84,60103.52,59915.14,60059.13,126.67211173
1782608400,60059.13,60186.21,59896.44,60131.15,99.73272371
1782612000,60131.14,60252,59963.76,60051.24,139.5742141
1782615600,60051.24,60196.07,60051.24,60105.91,139.8816026
1782619200,60105.91,60148.76,60003.02,60046.14,58.06751421
1782622800,60046.14,60049.91,59655.4,59892.01,136.94745182
1782626400,59892.01,59941,59715.9,59908.69,63.71329104
1782630000,59908.68,60173.81,59905.62,60127.84,85.38019111
1782633600,60127.84,60455,60046.39,60277.54,188.76010079
1782637200,60275.89,60376.5,60154.52,60169.78,65.76167961
1782640800,60169.78,60202.43,59976.02,60076.81,46.54133492
1782644400,60075.94,60285.05,60027.16,60251.97,68.41421947
1782648000,60251.97,60367.15,60098.41,60205.82,57.01799527
1782651600,60205.82,60205.82,59882.26,59983.25,109.94956529
1782655200,59982,60158.98,59924.16,59939.29,159.65955946
1782658800,59939.28,60037.2,59731.29,59806.75,175.10070944
1782662400,59806.75,59856.65,59500,59600.01,235.95991766
1782666000,59600,59755.68,59305.86,59493.11,310.12350045
1782669600,59493.11,59613.27,59408.59,59514,128.37655462
1782673200,59514,59590.43,59172.74,59389.27,202.36721609
1782676800,59389.26,59669.23,59382.12,59559.05,185.63682118
1782680400,59559.05,59695,59228.63,59347.67,238.14435881
1782684000,59347.67,59835,58810.11,58966.2,937.87454979
1782687600,58966.2,59755.72,58914.18,59474.01,286.30523557
1782691200,59473.99,59600,58875.83,59557.35,399.03674395
1782694800,59557.36,59592.18,59103.9,59333.4,179.48149452
1782698400,59333.4,59713.28,58800,59654.36,266.29283031
1782702000,59654.37,60126.01,59654.37,59942.83,236.74005473
1782705600,59942.83,59954.57,59645,59729.95,127.73373585
1782709200,59729.96,60008.03,59284.08,60006.02,185.49102246
1782712800,60009.66,60248.52,59952.35,59983.3,222.13994648
1782716400,59983.3,60092.79,59828.72,59932.61,77.51664634
1782720000,59932.6,60000.99,59642.23,59740.37,165.0563562
1782723600,59740.36,60018.03,59690.53,59968.2,160.26071919
1782727200,59968.2,60227.75,59968.2,59996.69,148.624776
1782730800,59996.7,60149.76,59703.88,59864.53,296.12643131
1782734400,59864.53,60702.63,59490.79,59857.65,1065.25327661
1782738000,59857.65,60222.87,59213.42,59473.31,1423.66381364
1782741600,59473.36,59594.39,58880.39,59352.26,1358.08051249
1782745200,59352.32,59834.33,58959.78,59704.77,1104.14992083
1782748800,59704.76,59900,59469.04,59776.04,443.83424379
1782752400,59775.97,60582.85,59775.58,60318.46,762.78653244
1782756000,60319.82,60433.99,60082,60198.05,478.89155573
1782759600,60198.06,60464.9,60054.81,60332,593.34513117
1782763200,60327.87,60453.71,60188.15,60197.71,301.84927977
1782766800,60203.19,60493.62,60160.86,60390.92,284.6685855
1782770400,60390.92,60427.99,60250.72,60261.96,156.50503881
1782774000,60261.97,60290.49,60084.86,60162.73,169.60396045
1782777600,60162.73,60191.99,59596,59743.01,251.72169352
1782781200,59743.01,59960,59678.22,59846.84,178.8690481
1782784800,59846.86,59944,59633.96,59842.57,161.14526223
1782788400,59842.57,59933,59488,59515.14,159.90461469
1782792000,59515.15,59590.55,59300,59385.28,193.99643274
1782795600,59385.28,59555.99,59250,59549.99,186.76614291
1782799200,59549.99,59617.51,59414.65,59493.99,138.57080717
1782802800,59494,59536.28,59331.16,59427.02,154.93596469
1782806400,59427.02,59460.35,59088.33,59206.9,308.99553658
1782810000,59206,59326.6,59151.6,59276.01,173.08475604
1782813600,59276.02,59323.36,59190,59229.3,99.98968289
1782817200,59229.32,59320.4,59010.35,59076.82,212.64172728
1782820800,59076.82,59082.46,58276.39,58299.06,721.48125763
1782824400,58300.9,58703.5,58120.94,58629.98,895.11604507
1782828000,58629.18,59159.15,58307.4,58358.95,1156.64414224
1782831600,58358.95,58690.11,58056,58267.51,913.83619102
1782835200,58267.51,58526,58133.79,58391.34,685.40216209
1782838800,58391.34,58517.28,58215.16,58322.24,449.98768328
1782842400,58322.25,58598.94,58252.05,58580.06,455.23811023
1782846000,58580.07,58741.76,58475,58716.53,971.67126343
1782849600,58714.04,58787.03,58535.13,58630.88,372.19302846
1782853200,58630.88,58673.48,58404.65,58553.87,257.32976809
1782856800,58553.88,58710.96,58417.55,58509.56,184.22983679
1782860400,58509.56,58564.33,58439.71,58523.93,182.18116967
1782864000,58523.93,58652.83,58200,58486.84,258.35910884
1782867600,58486.84,58922.44,57717.55,58668.85,924.85468071
1782871200,58668.85,59077.93,58566.2,58991.99,350.09989392
1782874800,58991.06,59224.11,58749.76,59101.49,405.65509188
1782878400,59101.49,59373.3,58966.6,59245.38,193.40221184
1782882000,59245.39,59289.02,59025.13,59060.91,177.72486538
1782885600,59060.9,59070.82,58435.8,58666.65,328.08894068
1782889200,58666.65,58738.2,58513.48,58686.91,135.93884929
1782892800,58686.91,58906,58407.31,58896,220.1941966
1782896400,58896,59008.95,58752.55,58865.86,149.30101447
1782900000,58868.54,58868.55,58536.45,58577.4,147.04020954
1782903600,58577.41,58678.19,58467.15,58536.74,129.3510374
1782907200,58536.74,58602.6,58242.82,58443.44,395.58692145
1782910800,58444.44,59449.94,58444.44,59422.92,767.24683228
1782914400,59421.3,60027.45,59196.01,59466.95,1147.62312611
1782918000,59466.95,60473.99,59440.51,60087.7,916.531089
1782921600,60087.71,60201.52,59793.43,59856.97,458.05764237
1782925200,59856.98,60176.72,59716.09,60129.4,396.03960843
1782928800,60129.4,60238.03,59955.39,60104.77,324.20856859
1782932400,60104.77,60289.64,59928.07,59971.68,551.07842683
1782936000,59972.63,60125.72,59797.67,60069.75,377.48894983
1782939600,60069.76,60810,60065.74,60752.33,993.00309184
1782943200,60752.33,61287.33,60279.34,60408.41,614.35566684
1782946800,60408.41,60408.41,59912.28,59961.45,323.53296293
1782950400,59961.46,59966.31,59520.02,59689.46,381.92055691
1782954000,59689.47,60252.23,59646.39,60112.25,384.1539395
1782957600,60112.25,60416,59947.89,60353.88,235.07437126
1782961200,60353.89,61056.19,60232.74,60985.77,350.46424227
1782964800,60984.01,60984.01,60653.68,60707.99,234.12653224
1782968400,60707.99,60806.23,60408.42,60433.52,244.70904526
1782972000,60433.26,60572.1,60176.44,60188.22,160.82597341
1782975600,60186.01,60221.11,60014.94,60058.91,310.2860241
1782979200,60058.92,60473.38,60043.95,60434.13,139.43451225
1782982800,60434.13,61339.46,60296.29,61092.9,792.38678375
1782986400,61092.9,61276.15,60959.2,61185.64,353.18743271
1782990000,61185.66,61311.11,61040.35,61283.64,314.88403345
1782993600,61279.9,61540.15,61067.81,61470.47,701.77156317
1782997200,61470.48,61998,61436.35,61877.29,965.16111111
1783000800,61877.29,62147.89,61321.35,61634.27,918.44571436
1783004400,61634.28,61784,61347.04,61543.76,474.74611249
1783008000,61543.79,61756.35,61074.21,61621.98,652.31630306
1783011600,61621.99,61900,61560.36,61604.61,305.53061146
1783015200,61604.62,61813.39,61600.89,61699.16,264.66237424
1783018800,61699.16,61700.71,61369.55,61424.29,516.35280174
1783022400,61424.3,61525.71,61269,61509.01,589.37120485
1783026000,61509.01,61594.59,61437.88,61517.07,279.47824521
1783029600,61517.08,61528.49,61322.03,61397.76,196.22058998
1783033200,61397.76,61528,61266.79,61484.02,161.4118604
1783036800,61484.02,61502.92,61162.79,61221.06,207.09028941
1783040400,61220.92,61657.49,61200.32,61511.47,240.64510923
1783044000,61511.47,61582.74,61214.61,61353.03,145.05022447
1783047600,61353.03,61493.82,61240,61350.93,119.6444116
1783051200,61350.93,61448.07,61245,61366.03,134.97993803
1783054800,61366.03,61725.12,61351.38,61623.29,162.79314407
1783058400,61623.3,61782.74,61536.71,61631.13,138.00243082
1783062000,61631.13,61790.94,61584.59,61679.99,116.81567091
1783065600,61679.99,61838.61,61476.98,61507.04,115.4718376
1783069200,61507.04,61707.79,61440.7,61640.05,102.66947786
1783072800,61640.05,61970.59,61596.6,61844.03,131.86718787
1783076400,61844.04,62031.97,61766.33,61943.92,205.36569177
1783080000,61943.92,62115.51,61792.54,61905.97,356.84951773
1783083600,61905.98,62212.73,61865.12,62051.15,335.52650043
1783087200,62051.15,62209.88,61620.03,62101.61,372.78885595
1783090800,62101.62,62345.5,61731.8,61864.26,485.8770259
1783094400,61864.28,62074.31,61838.1,62045.31,181.03249645
1783098000,62045.27,62232.47,62009.64,62139.9,202.53054043
1783101600,62141.15,62190,62062.44,62149.99,168.82382448
1783105200,62149.99,62261.18,62083.88,62153.87,209.74071341
1783108800,62153.87,62836,62126.69,62715.23,544.2177871
1783112400,62715.23,62899.99,62450,62669.4,242.20621169
1783116000,62668.23,62685.48,62468.52,62512.79,165.07805651
1783119600,62512.79,62644.31,62468.56,62520.22,173.11350843
1783123200,62520.22,62885,62509.09,62693.36,165.87782659
1783126800,62693.36,62693.37,62342.28,62403.49,248.58065027
1783130400,62403.5,62520.02,62368.01,62481.95,182.45493093
1783134000,62481.95,62690.32,62423.19,62560.56,122.19614551
1783137600,62560.55,62688.41,62529.2,62628.17,139.43169213
1783141200,62628.43,62628.43,62370.23,62412.4,105.98948401
1783144800,62412.4,62508.6,62274.16,62434.82,66.27387692
1783148400,62434.83,62570.19,62404.56,62511.63,64.69638208
1783152000,62511.63,62611.33,62452.92,62495.09,45.76116412
1783155600,62497.37,62523.99,62351.73,62429.05,43.00338218
1783159200,62429.04,62487.36,62383.73,62450.08,37.89375584
1783162800,62450.08,62504.99,62404.79,62428.52,36.00018015
1783166400,62428.52,62637.6,62426.1,62604.66,59.36621294
1783170000,62604.66,62718.74,62478.75,62538,107.1181659
1783173600,62538.01,62681.07,62535.4,62644.81,119.66054204
1783177200,62644.81,63018,62639.03,62881.22,216.34769322
1783180800,62881.21,62918,62730.36,62865.88,187.07918908
1783184400,62867.78,63376.99,62745.76,63221.15,287.9714137
1783188000,63221.14,63293.45,63038.34,63113.34,209.07275688
1783191600,63113.35,63410,63066.08,63233.98,159.91465027
1783195200,63233.97,63340.19,63103.04,63180.56,162.66304409
1783198800,63180.56,63404.86,63149.26,63237.99,139.56180036
1783202400,63238,63258.35,63105.6,63139.99,128.37128086
1783206000,63139.99,63183.2,62879.83,63086.45,110.52975076
1783209600,63086.46,63088,62843.31,62930.55,138.90401007
1783213200,62930.56,62989.07,62736.36,62831.68,197.29505606
1783216800,62831.68,62868.96,62532.7,62639.98,114.98861004
1783220400,62639.98,62741.94,62585,62711.21,79.92740089
1783224000,62711.21,62894.07,62653.97,62757.61,153.78725239
1783227600,62755.95,62755.95,62600,62679.99,157.28712399
1783231200,62681.99,62769.28,62613.32,62722.06,35.11051075
1783234800,62722.07,63001.39,62662.6,62958.44,106.30143388
1783238400,62958.44,63049.99,62838.74,62858.34,69.97733387
1783242000,62858.35,62876.75,62384.08,62565.89,122.75923138
1783245600,62563.14,62701.83,62480.89,62700.78,40.76740819
1783249200,62700.78,62758.07,62525.04,62610.01,106.41952212
1783252800,62609.96,62719.48,62512.98,62692.42,86.03134942
1783256400,62692.42,62765.87,62580.02,62738.8,82.57775908
1783260000,62738.8,62771.75,62598,62758.87,65.1037019
1783263600,62758.87,62890.51,62621.25,62686.17,111.71545498
1783267200,62686.17,62713.85,62540,62569.98,237.0538157
1783270800,62569.99,62766,62541,62571.4,174.74461386
1783274400,62571.4,62831.91,62563.79,62764.59,112.73793648
1783278000,62764.59,62824.91,62671.85,62710.99,257.86866102
1783281600,62711,62781.71,62643.5,62673.93,203.62173516
1783285200,62673.93,63170.99,62552.3,63034.92,250.51637607
1783288800,63034.98,63900,62945.89,63678.31,717.53447709
1783292400,63674,63940.79,63498.25,63580.44,309.89797043
1783296000,63580.45,63706.72,63282,63697.48,228.44082951
1783299600,63697.48,63860,63481.14,63510.63,212.04141463
1783303200,63510.63,63606.13,63305.4,63388.32,165.23984566
1783306800,63388.32,63446.78,63068.1,63232.34,187.04179814
1783310400,63232.34,63337.12,63121.52,63206.75,106.0806963
1783314000,63206.75,63209.35,62888,63048.44,156.61631821
1783317600,63048.44,63092.67,62913.57,62917.97,97.74044838
1783321200,62917.97,63056.91,62822.04,63024.27,131.65364581
1783324800,63024.27,63177.93,62764.53,62833.39,164.62136091
1783328400,62833.38,62851.54,62562.01,62597.66,171.71293634
1783332000,62597.66,62972.46,62591.7,62756.28,154.9585556
1783335600,62756.28,62938.38,62421.85,62421.85,232.57647075
1783339200,62420.01,62425.52,61610,61688.01,933.59690784
1783342800,61688.01,61991,61250,61708.02,925.61724004
1783346400,61709.19,62364.69,61649.16,61995.25,671.34488522
1783350000,61995.96,63516,61995.95,63501.46,1189.63205309
1783353600,63499.87,63824.01,63338.46,63691.23,1057.92604924
1783357200,63691.23,63938.39,63513.73,63536.22,732.8455182
1783360800,63538.35,63848.63,63508.07,63649.99,445.27986598
1783364400,63649.99,63848.57,63600,63692.7,489.32492154
1783368000,63694.27,63859.26,63536.68,63784.6,357.43227796
1783371600,63784.6,64658.85,63743.62,64443.27,703.36232644
1783375200,64443.27,64460.02,64104.55,64203.41,217.02733076
1783378800,64203.39,64280.21,63979.8,64001.84,164.92246364
1783382400,64001.85,64272.92,63957.1,64153.79,216.99348022
1783386000,64153.8,64160.49,63729.3,63797.37,271.70405323
1783389600,63798.2,63864.63,63242.97,63280.27,310.99534995
1783393200,63280.27,63371.22,63100,63140.03,228.29793643
1783396800,63140.03,63241.2,63007.41,63048.38,167.35928932
1783400400,63048.38,63214.51,62740.47,63074.74,203.66058116
1783404000,63073.49,63351.99,62931.86,63283.01,170.75021178
1783407600,63283.02,63390.08,63017.6,63035.46,148.0904386
1783411200,63035.47,63134.22,62923.26,63045.74,413.46175966
1783414800,63045.74,63288,63002.56,63192,183.74215937
1783418400,63194.57,63403.71,63168,63228,177.96690942
1783422000,63226.43,63392.77,63051.99,63345.26,161.99791778
1783425600,63345.26,63830,63333,63418.3,341.66168561
1783429200,63418.3,63418.51,62914.14,62988.41,534.36404904
1783432800,62980.47,63574.19,62583,63499.75,897.01204623
1783436400,63501.5,64060.59,63313.41,63887.99,1331.32210379
1783440000,63883.88,64199.93,63758.27,63936.87,438.93291153
1783443600,63936.87,64193.46,63844.4,64145.47,337.34034121
1783447200,64145.47,64145.47,63628.24,63633.98,349.7776435
1783450800,63633.98,63858,63333,63776.81,635.53231771
1783454400,63776.81,63863.69,63564.06,63656.97,269.73793454
1783458000,63656.97,63825.1,63266.65,63388.7,506.49971611
1783461600,63388.7,63622.3,63177.61,63505.07,240.82346681
1783465200,63505.07,63684.19,63273.13,63323.27,154.2887807
1783468800,63322.07,63720.88,63264,63571.75,257.55747387
1783472400,63571.75,63605.73,62872.28,62988.19,291.42919323
1783476000,62988.19,63029.23,62447.04,62937.29,348.6314391
1783479600,62938.56,63051.13,62651.61,62718.59,139.04453475
1783483200,62718.59,62857.64,62620.78,62745.99,152.47014362
1783486800,62745.02,62822,62497.26,62588.76,122.34754426
1783490400,62588.76,62693.04,62421.75,62605.9,139.06341513
1783494000,62605.9,62846.45,62490.8,62834.44,159.27206086
1783497600,62834.43,62895.35,61795.1,61959.96,555.59117223
1783501200,61959.96,62114.62,61663.4,62001.81,347.65529263
1783504800,62001.82,62136.53,61844.2,62127.99,158.7029279
1783508400,62127.99,62341.3,62000,62249.32,169.08812072
1783512000,62249.32,62369.97,61894.2,61894.21,256.19526187
1783515600,61894.21,62035.58,61562.35,61878.01,677.7001512
1783519200,61876.56,62115,61642.01,61830.69,571.14393821
1783522800,61830.69,61860.05,61453.09,61630.9,655.14312694
1783526400,61627.21,62089.7,61622.51,62045.79,325.96260805
1783530000,62045.79,62343.04,61950.01,62052.69,416.19205438
1783533600,62052.69,62303.65,61982.56,62126.23,276.98861428
1783537200,62126.23,62237.69,62004.6,62223.7,312.4992429
1783540800,62226.01,62261.9,62035.65,62059.56,238.06042293
1783544400,62059.56,62186.43,61905.45,62132.1,355.16270855
1783548000,62132.11,62302.21,62123,62283.35,191.40373487
1783551600,62283.35,62300,62118.17,62237.7,120.48301839
1783555200,62237.7,62267.3,62002.93,62084.54,138.36948687
1783558800,62084.54,62596.59,61774.92,61856.65,353.88548692
1783562400,61856.66,62070.42,61636.05,61730.17,255.87841479
1783566000,61730.18,62008.29,61668.69,61913.99,134.12327626
1783569600,61913.99,62404.19,61897.46,62396.79,130.51951188
1783573200,62396.79,62575.2,62180,62537.39,178.84450459
1783576800,62537.4,62924.31,62430.68,62903.46,167.01546479
1783580400,62902.41,63226.2,62738.71,62947.26,339.78898161
1783584000,62947.26,63032.33,62794.12,62839.99,176.60204993
1783587600,62840,62944.05,62729.82,62896.06,163.59830767
1783591200,62897.45,62999.5,62624.61,62722.52,128.70222671
1783594800,62722.52,62771.29,62540.46,62718.96,204.73783513
1783598400,62718.97,62900,62403.42,62553.08,406.10301075
1783602000,62553.08,63199,62444.99,62968.16,491.95304627
1783605600,62968.17,63084.25,62577.02,62955.42,291.67188202
1783609200,62955.43,63210.33,62740.71,62802.98,465.22093374
1783612800,62802.97,62947.81,62500,62635.76,354.74351754
1783616400,62635.76,63111.54,62609.17,63088.25,398.62596315
1783620000,63088.25,63448.46,63015.41,63163.06,384.44147814
1783623600,63163.07,63328.57,63100,63193.84,275.68205426
1783627200,63199.27,63275.88,63121.2,63257.5,158.71946731
1783630800,63257.51,63347.28,63152.37,63223.69,105.19468929
1783634400,63223.69,63371.21,63160.82,63169.76,119.80735461
1783638000,63169.76,63294.63,62999.67,63175.25,182.12394712
1783641600,63175.25,63204.98,62865.01,63058.12,204.41985163
1783645200,63058.11,63908.49,62901.78,63699.99,325.5231713
1783648800,63699.99,64000,63637.73,63911.25,320.15101242
1783652400,63911.26,64000,63772.59,63899.99,153.81571265
1783656000,63899.99,64135.73,63805.39,64004.03,119.47169068
1783659600,64004.04,64152.57,63900,64076.23,131.94937761
1783663200,64076.23,64119.53,63789.65,63817.55,96.43363872
1783666800,63817.56,63975.73,63752.03,63932.72,159.77659131
1783670400,63932.73,64347.77,63931,64196.53,284.72426499
1783674000,64196.53,64442.91,64057.5,64341.83,192.49621547
1783677600,64341.83,64449.99,64231.48,64355.32,165.37889796
1783681200,64355.32,64438.43,64291.36,64378.15,204.4109733
1783684800,64378.18,64596.48,64222.2,64239.01,318.39726917
1783688400,64239.01,64669.42,64092,64436.6,1072.08414273
1783692000,64436.6,64473.06,63686.04,63859.39,806.77033772
1783695600,63860.98,64163.5,63833.58,63987,575.10906638
1783699200,63986.38,64174.08,63769.69,64085.8,459.46409015
1783702800,64085.8,64112.01,63766.88,63775.71,255.76836015
1783706400,63775.72,63958,63689.08,63758.91,182.30393346
1783710000,63754.64,64010,63710.31,63878.41,268.10752902
1783713600,63878.4,63905.52,63608.54,63788.76,337.30728072
1783717200,63788.76,64052.18,63780.08,63970.38,248.59128091
1783720800,63970.39,64124.03,63930.26,64068.85,230.34574858
1783724400,64068.87,64175.79,63967.3,64128.49,291.72456043
1783728000,64128.49,64140.81,63990,64076.53,130.08773603
1783731600,64076.53,64270.8,63962.83,63973.73,137.78229046
1783735200,63973.73,64128.87,63938.73,64116.98,80.73245869
1783738800,64116.98,64154.64,64021.98,64107.68,77.8342133
1783742400,64107.68,64165.76,64036.84,64111.34,67.34118604
1783746000,64111.34,64180.11,64069.99,64125.38,80.02414463
1783749600,64125.38,64230.99,64069.28,64167.41,96.02376522
1783753200,64167.42,64206.03,64102.89,64111.6,60.17117488
1783756800,64111.59,64262.33,64100.47,64216.87,69.07173915
1783760400,64216.87,64249.63,64090.9,64107.68,96.45889791
1783764000,64107.68,64151.36,64083.07,64138.08,68.2678035
1783767600,64138.08,64161.21,64113.39,64145.27,129.9757815
1783771200,64145.27,64184.15,64077,64141.47,97.73099505
1783774800,64141.47,64219.99,64114.97,64195.03,82.94171675
1783778400,64195.03,64458.7,64195.03,64297.68,126.54328384
1783782000,64297.68,64442,63856.52,64120.18,356.48218875
1783785600,64120.18,64227.79,64037.26,64132.72,114.24485743
1783789200,64132.72,64353.57,64112.34,64271.48,102.33097419
1783792800,64268.29,64348.7,64239.36,64281.99,83.42484827
1783796400,64281.99,64299.97,64186.71,64245.99,83.04884725
1783800000,64245.99,64417,64241.13,64337.11,103.76144687
1783803600,64337.11,64385.92,64293.06,64310.39,39.69305062
1783807200,64310.38,64387.95,64100.57,64158.08,143.79654173
1783810800,64158.07,64208.7,63769.84,63773.04,189.52730557
1783814400,63773.05,63881.97,63654.01,63787.37,170.95628013
1783818000,63789.85,64133.03,63769.17,64085.26,183.17281974
1783821600,64085.27,64091.82,63988.01,64031.24,108.06790635
1783825200,64031.24,64182,63991.19,64179.36,163.87458366
1783828800,64179.36,64202.31,63896.56,63962.07,170.66817347
1783832400,63962.07,63983.92,63860.16,63925.68,97.75510152
1783836000,63925.68,63925.68,63588.2,63714.75,170.65613435
1783839600,63714.75,63860.16,63691.51,63843.7,51.36630203
1783843200,63843.7,64060.98,63837.3,63940.08,99.65838151
1783846800,63940.08,64004.49,63722.75,63915.23,125.73430036
1783850400,63915.98,63915.98,63786.4,63807.56,160.48330458
1783854000,63811.98,63992.51,63777.12,63966.54,121.48325978
1783857600,63966.53,64089.48,63929.32,63982.16,87.84775962
1783861200,63982.16,64062,63950,63980.52,57.29593534
1783864800,63980.52,64250.56,63917.39,64158.64,80.82031225
1783868400,64158.65,64224.5,64075.05,64136.52,88.72365684
1783872000,64136.53,64172.16,64000.01,64131.78,85.40255733
1783875600,64131.79,64138.66,63979.51,64034.91,61.82222408
1783879200,64034.91,64116.11,63972.55,64109.19,48.16817031
1783882800,64109.19,64232.49,64104.01,64193.87,56.58922108
1783886400,64193.87,64219.68,64130.1,64161.74,57.76391993
1783890000,64161.74,64198.28,63842.46,63883.78,117.68169807
1783893600,63883.78,63890.43,63625,63845.6,168.36252478
1783897200,63845.6,63879.74,63688,63740.32,98.96330248
1783900800,63740.32,64388.01,63520,64024.78,311.48458621
1783904400,64024.78,64024.78,63354.98,63368.77,250.37722647
1783908000,63368.77,63503.44,63186.42,63326.94,260.35770783
1783911600,63326.94,63335.35,62686.15,62758.58,472.49353331
1783915200,62758.57,62857.38,62564.02,62624.46,232.54002805
1783918800,62624.47,62867.23,62461,62754.53,191.23194402
1783922400,62754.53,62828.01,62660.4,62747.03,91.45711667
1783926000,62749,63009.49,62695.51,62935.57,198.85803625
1783929600,62935.58,63226,62877.5,63142.5,336.93740513
1783933200,63142.5,63147,63021.71,63039,84.40709418
1783936800,63039,63090.09,62790,62801.79,171.97496421
1783940400,62801.8,63067.73,62801.8,62842.97,239.16649818
1783944000,62842.97,62928,62503.64,62561.5,301.15507767
1783947600,62561.5,62700,62088,62247.45,1010.20341857
1783951200,62247.45,62728.08,62033,62716.19,780.83304725
1783954800,62716.27,62908,62493.34,62540.62,707.82831769
1783958400,62538.66,62567.99,62140.9,62204.34,898.53285288
1783962000,62203.43,62299.42,61820.83,61830,755.05804496
1783965600,61831.55,62032.44,61750.9,61950.68,494.19539399
1783969200,61950.68,62225.07,61907.48,62210.67,561.90747732
1783972800,62212.52,62261.51,61976.39,62141,256.78441856
1783976400,62140.99,62158.29,61833.2,61997.89,403.50127495
1783980000,61997.9,62162.2,61819.58,61840.89,282.102963
1783983600,61840.89,62271.83,61799.3,62264.94,297.80082945
1783987200,62264.94,62592.71,62190.4,62481,298.02052322
1783990800,62481,62570,62382.1,62459.45,161.36168623
1783994400,62459.45,62570.19,62242.73,62476.16,125.1056058
1783998000,62476.16,62535.53,62226.36,62500,134.51947502
1784001600,62500,62700,62466.4,62673.76,102.59638176
1784005200,62671.68,62806,62620.39,62654.02,98.14364412
1784008800,62654.01,62700.1,62478.75,62546.34,118.25573411
1784012400,62546.34,62575.1,62427.27,62467.62,89.56236523
1784016000,62467.63,62721.92,62400.35,62631.31,92.30720031
1784019600,62631.32,62663.04,62456.96,62554.05,107.9639709
1784023200,62554.06,62832.32,62535.03,62725.61,118.79550404
1784026800,62725.6,62849.99,62641.98,62769.76,100.95978583
1784030400,62769.77,63919,62710.88,63897.15,906.74309719
1784034000,63901.84,64110.59,63627.79,63780,612.18810431
1784037600,63780.01,64300,63517,64238,521.28551665
1784041200,64237.86,64918,64143.83,64703.12,941.2735471
1784044800,64703.12,64859.83,64568.9,64693.5,523.89885314
1784048400,64693.5,64693.5,64249.47,64586.36,458.85896409
1784052000,64586.36,64618.02,64432.01,64533.4,377.27392039
1784055600,64533.4,64674.06,64441.75,64542.41,315.59263698
1784059200,64546.35,64561.59,64373.09,64521.45,258.36757587
1784062800,64521.45,64845.27,64480.96,64634.83,287.68655823
1784066400,64634.84,65055.04,64473.6,64815.84,532.99496874
1784070000,64815.84,65001.49,64729.11,64988.64,220.78250216
1784073600,64988.65,65018.79,64714.47,64775.98,210.96496888
1784077200,64774,64807.28,64590.12,64625.94,155.84996995
1784080800,64624.48,64710.28,64431.11,64440.87,106.81213372
1784084400,64440.87,64803.18,64440.51,64736.67,143.20160612
1784088000,64736.67,64833.6,64664.96,64698.07,132.76186576
1784091600,64698.08,64918,64551.63,64896,100.12316757
1784095200,64895.99,65235.25,64767.84,64768,243.03408365
1784098800,64768.01,64836.23,64435.2,64501.79,219.26901669
1784102400,64501.8,64741.98,64501.79,64719.93,118.12494405
1784106000,64719.93,64870.76,64600,64615.58,80.54406272
1784109600,64615.58,64799.12,64563.18,64605.99,72.50647817
1784113200,64605.98,64704.74,64563.18,64679.32,59.1283118
1784116800,64679.33,65198.57,64538,65106.41,346.76221518
1784120400,65105.44,65528.76,64819.17,65057.05,595.97048017
1784124000,65057.06,65466.18,65002.41,65339.5,504.010147
1784127600,65339.51,65559.5,65200,65369.98,457.28788488
1784131200,65369.99,65415.5,64723.69,65062.83,498.55447558
1784134800,65062.84,65150.73,64912.02,65005.03,319.72837472
1784138400,65002.61,65107.11,64798.64,64816.57,252.7312715
1784142000,64816.58,64969.73,64697.49,64941.86,309.12735661
1784145600,64940.23,65015.84,64860.84,64927.95,166.19173689
1784149200,64927.95,64983.71,64750,64796,251.61634461
1784152800,64796.14,64942.33,64727.25,64821.03,221.74032699
1784156400,64821.02,64900,64646.68,64716.63,191.23877715
1784160000,64712.04,64809.98,64451.64,64537.4,214.66688732
1784163600,64540.54,64786,64345.38,64689.08,171.13723407
1784167200,64689.09,64689.09,64531.14,64595.85,97.80586771
1784170800,64595.85,64694.44,64490.21,64562.14,98.12456261
1784174400,64562.15,64639.41,64488.75,64590.88,106.08288253
1784178000,64590.87,64946.07,64541.47,64865.14,171.05655481
1784181600,64865.15,64936.18,64577.18,64719.02,113.02485677
1784185200,64719.02,64725.92,64030.41,64172.64,355.43935027
1784188800,64174.25,64308.71,63827.42,64067.87,416.25236273
1784192400,64067.88,64126.25,63959.46,64038.01,93.9007888
1784196000,64038.01,64213.37,64015.37,64165.73,80.61704127
1784199600,64165.73,64220.17,64026.97,64200,100.09049142
1784203200,64200,64203.98,63798.96,63914.11,245.48241671
1784206800,63914.11,64429.99,63905.25,64325.54,299.95276751
1784210400,64322.26,64812.48,64278.01,64493.21,400.52379715
1784214000,64493.21,64847.44,64260.69,64660.54,379.21866792
1784217600,64660.55,64672.52,64281.86,64432.08,239.64664847
1784221200,64430.68,64434.84,63940.36,64030.02,354.42078303
1784224800,64030.16,64288.58,64001.18,64191.56,154.32117887
1784228400,64188.81,64261.05,64097.72,64217.54,280.63102433
1784232000,64217.54,64233.19,64056.48,64056.98,114.93792619
1784235600,64056.98,64188.32,64047.04,64113.03,147.0079059
1784239200,64113.03,64197.15,63900,63916.84,227.66783346
1784242800,63916.84,63962.11,63690.78,63770.6,239.53797675
1784246400,63770.6,63854.35,63559.63,63836.44,127.92764941
1784250000,63836.44,64013.4,63410,63489,262.59332427
1784253600,63489,63605,63330.3,63430.08,184.42403951
1784257200,63430.09,63663.38,63425.4,63508.14,136.27294471
1784260800,63508.14,63524.44,63255.48,63423.17,253.12378617
1784264400,63417.87,63417.87,62744.16,62782.59,345.48483196
1784268000,62782.59,62937.81,62641.19,62890.91,283.03563181
1784271600,62890.91,62927.27,62741.48,62770.8,116.57037301
1784275200,62770.8,62876.48,62588,62826.02,218.15071551
1784278800,62826.01,63003.78,62795.52,62927.94,122.21118996
1784282400,62927.94,63133.93,62924.25,63119.72,106.69767257
1784286000,63119.73,63303.38,63000,63237.74,110.90080585
1784289600,63237.74,63285.91,63004.02,63037.98,187.45766125
1784293200,63037.99,63120.06,62452.52,63092.11,905.33573832
1784296800,63092.11,63459.93,63011.6,63112,442.78318007
1784300400,63112.95,63406.13,62788.45,63403.18,494.17078358
1784304000,63403.17,63667.67,63257.69,63550.1,369.46408483
1784307600,63550.11,64105.59,63550.11,64041.3,631.74091165
